"Paper Title","Paper Link","Publication Year","Publication Type","Publication Title","Author Names","DOI","PDF Link","Open Access","Citations count","Google Scholar ID","PubMed ID","PMC ID","References","Grants","arXiv ID","Updated Date","Primary Category","Categories","Source","Relevance","Abstract","Complexity Dimensions Identified","Scoring and Decision Approach","Results","Findings"
"Validation of the Ontario Protocol Assessment Level (OPAL) Tool for Assessing Clinical Trial Complexity and Supporting Workforce Planning in the Italian Clinical …","https://link.springer.com/article/10.1007/s43441-026-01006-x","","","","D Napolitano
M Bozzetti
R Caruso
M Guberti","","https://link.springer.com/content/pdf/10.1007/s43441-026-01006-x.pdf","No","","dI-O3MOsf5AJ","","","","","","","","","Google Scholar","- **Relevance Score:** 95/100 - **Relevance Tag:** Highly Relevant - **Reasoning:** Validates OPAL tool to quantify trial complexity, directly supporting feasibility analysis and staffing decisions; links complexity scores to site‑selection and workload planning.","","The metadata indicates the paper validates the Ontario Protocol Assessment Level (OPAL) Tool for assessing clinical trial complexity. This tool is used to consistently measure clinical trial workload, informing decisions related to staffing, budgeting, feasibility assessment, and risk. It links complexity scores to site-selection and workload planning, but specific dimensions or categories of complexity are not detailed.","The paper validates the Ontario Protocol Assessment Level (OPAL) Tool for assessing clinical trial complexity. This tool helps quantify trial complexity to support feasibility analysis and staffing decisions. It directly links complexity scores to site-selection and workload planning. Specific details on the scoring method (e.g., numeric scale, weighted scoring, categorical levels) or explicit decision thresholds (e.g., go/no-go) are not specified.","Not available in metadata.","* Validates OPAL tool to quantify trial complexity. * Directly supports feasibility analysis and staffing decisions. * Links complexity scores to site-selection and workload planning."
"Systematic Evaluation of Clinical Research Studies for Enhanced Strategic Decision-Making","https://search.proquest.com/openview/de92f454a73502eb4057f63de4cdc10f/1?pq-origsite=gscholar&cbl=18750&diss=y","","","","K Haigh","","","No","","a-XP-GtcyeAJ","","","","","","","","","Google Scholar","- **Relevance Score:** 75/100 - **Relevance Tag:** Highly Relevant - **Reasoning:** Uses a specialized NTRC protocol complexity assessment and feasibility worksheet to directly inform trial feasibility analysis and site‑selection decisions.","","The paper mentions using a specialized NTRC protocol complexity assessment and a Nationwide Children’s feasibility worksheet. These tools are applied to inform trial feasibility analysis and site-selection decisions. The assessment focuses on protocol complexity. Specific dimensions or categories beyond ""protocol complexity"" are not explicitly detailed in the metadata.","The paper mentions a specialized NTRC protocol complexity assessment and a feasibility worksheet. These tools directly inform trial feasibility analysis and site-selection decisions. However, the specific scoring or rating methodology (e.g., numeric scale, weighted scoring, categorical levels) and any explicit decision thresholds or classification schemes (e.g., go/no-go, fit/unfit) are not specified in the metadata.","Not available in metadata.","Not available in metadata."
"Development of a protocol complexity tool: a framework designed to stimulate discussion and simplify study design","https://scispace.com/papers/development-of-a-protocol-complexity-tool-a-framework-glo1wfxeyt2e","2025","Journal Article","BMC Medical Research Methodology","Bartholomeus J.A. Willigers
Agata E Wiesiolek
Bruce Potter
Alina Pszczółkowska
Cecilia Kristensson
Veronica Presz
Gabriela Luporini Saraiva
Ioannis Psallidas","10.1186/s12874-025-02652-9","","No","","","","","","","","","","","SciSpace","- **Relevance Score:** 74/100 - **Relevance Tag:** Partially Relevant - **Reasoning:** Uses a 26‑question Protocol Complexity Tool to quantify trial complexity and shows strong correlation with site activation and enrolment timelines, informing feasibility discussions but stopping short of a dedicated site‑selection decision model.","Over the last decade, the pharmaceutical industry has witnessed longer, more complex, and expensive clinical trials. This complexity contributes to delays in clinical trial implementation, execution, monitoring, recruitment, data cleaning, and interpretation. Our aim was to develop a protocol complexity tool (PCT) to simplify clinical trial execution without compromising science or quality. Using a collaborative design process, a taskforce comprising 20 cross-functional experts in clinical trial design and execution developed a PCT, between June 2021 and December 2022 and comprising 26 questions across 5 domains (operational execution, regulatory oversight, patient burden, site burden and study design). Individual domain scores and total complexity score (TCS) were calculated, and agreed by consensus, for 16 pre-identified phase II-IV difficult clinical trials across 3 therapeutic areas. Change in score was assessed post-PCT pass through. The relationship between TCS and key trial indicators (i.e. time-to-site activation and participant enrolment) was assessed for 26 studies by correlation analysis. Post-PCT pass through, the TCS was reduced in 12 trials (75%), remained the same in 3 trials (18.8%) and increased in 1 trial (6.2%). Complexity was most notably decreased in the operational execution and site burden domains, decreasing in 50% and 43.8% of assessed trials, respectively. Time-to-site activation and participant enrolment positively correlated with TCS, reaching statistical significance at 75% site activation (rho = 0.61; p = 0.005; n = 19) and 25% participant recruitment (rho = 0.59; p = 0.012; n = 17). We have developed a Protocol Complexity Tool to objectively measure the complexity of a study protocol consistently and transparently. The PCT is capable of driving simplification, enhancing collaboration, and creating additional confidence in trial designs. In the future, we envision the tool will support earlier discussions to develop protocols that are simpler to execute and more cost-effective.","The Protocol Complexity Tool (PCT) developed in the study comprises 26 questions across 5 domains: operational execution, regulatory oversight, patient burden, site burden, and study design. These domains were used to objectively measure the complexity of a study protocol.","Individual domain scores and a total complexity score (TCS) were calculated. Post-PCT pass through, the TCS was reduced in 75% of trials. Time-to-site activation and participant enrolment positively correlated with TCS, reaching statistical significance at 75% site activation and 25% participant recruitment. The metadata does not specify go/no-go decisions, specific numeric scales, weighted scoring, categorical levels, or explicit decision thresholds/cutoffs. Not specified.","* The Total Complexity Score (TCS) was reduced in 12 trials (75%), remained the same in 3 trials (18.8%), and increased in 1 trial (6.2%) post-PCT pass through. * Complexity decreased most notably in the operational execution (50% of trials) and site burden (43.8% of trials) domains. * Time-to-site activation and participant enrolment positively correlated with TCS, reaching statistical significance at 75% site activation (rho = 0.61; p = 0.005; n = 19) and 25% participant recruitment (rho = 0.59; p = 0.012; n = 17).","* A Protocol Complexity Tool (PCT) was developed to objectively measure protocol complexity. * The PCT reduced the total complexity score in 12 out of 16 trials (75%) post-pass through. * Complexity decreased most notably in operational execution (50% of trials) and site burden (43.8% of trials) domains. * Total complexity score positively correlated with time-to-site activation (rho = 0.61; p = 0.005; n = 19) and participant enrolment (rho = 0.59; p = 0.012; n = 17)."
"Evaluating follow-up and complexity in cancer clinical trials (EFACCT): an eDelphi study of research professionals' perspectives","https://bmjopen.bmj.com/content/10/2/e034269.abstract","2020","Journal Article","BMJ Open","Helene Markham Jones
Ffion Curtis
Ffion Curtis
Graham A. Law
Christopher Bridle
Dorothy Boyle
Tanweer Ahmed","10.1136/BMJOPEN-2019-034269","https://bmjopen.bmj.com/content/bmjopen/10/2/e034269.full.pdf","Yes","9","4FzhreegPScJ","","","","","","","","","SciSpace","- **Relevance Score:** 74/100 - **Relevance Tag:** Partially Relevant - **Reasoning:** Develops TRACAT tool and 14 trial rating indicators to assess complexity; core focus on defining and measuring trial complexity; mentions operational priorities but stops short of concrete feasibility or site‑selection decision guidance.","Objectives To evaluate patient follow-up and complexity in cancer clinical trial delivery, using consensus methods to: (1) identify research professionals’ priorities, (2) understand localised challenges, (3) define study complexity and workloads supporting the development of a trial rating and complexity assessment tool (TRACAT). Design A classic eDelphi completed in three rounds, conducted as the launch study to a multiphase national project (evaluating follow-up and complexity in cancer clinical trials). Setting Multicentre online survey involving professionals at National Health Service secondary care hospital sites in Scotland and England varied in scale, geographical location and patient populations. Participants Principal investigators at 13 hospitals across nine clinical research networks recruited 33 participants using pre-defined eligibility criteria to form a multidisciplinary panel. Main outcome measures Statements achieving a consensus level of 70% on a 7-point Likert-type scale and ranked trial rating indicators (TRIs) developed by research professionals. Results The panel developed 75 consensus statements illustrating factors contributing to complexity, follow-up intensity and operational performance in trial delivery, and specified 14 ranked TRIs. Seven open questions in the first qualitative round generated 531 individual statements. Iterative survey rounds returned rates of 82%, 82% and 93%. Conclusions Clinical trials operate within a dynamic, complex healthcare and innovation system where rapid scientific advances present opportunities and challenges for delivery organisations and professionals. Panellists highlighted cultural and organisational factors limiting the profession’s potential to support growing trial complexity and patient follow-up. Enhanced communication, interoperability, funding and capacity have emerged as key priorities. Future operational models should test dialectic Singerian-based approaches respecting open dialogue and shared values. Research capacity building should prioritise innovative, collaborative approaches embedding validated review and evaluation models to understand changing operational needs and challenges. TRACAT provides a mechanism for continual knowledge assimilation to improve decision-making.","The paper describes 75 consensus statements illustrating factors contributing to complexity, follow-up intensity, and operational performance in trial delivery. It also specified 14 ranked Trial Rating Indicators (TRIs). The study supported the development of a trial rating and complexity assessment tool (TRACAT), which provides a mechanism for continual knowledge assimilation. Specific named dimensions like ""protocol design"" or ""regulatory requirements"" are not explicitly listed as categories.","The study aimed to define study complexity and workloads to support the development of a trial rating and complexity assessment tool (TRACAT). It involved developing 75 consensus statements and specifying 14 ranked trial rating indicators (TRIs). The metadata does not specify how complexity is numerically scored, rated, or how these scores inform go/no-go or feasibility decisions, nor does it mention decision thresholds or classification schemes.","* The panel developed 75 consensus statements illustrating factors contributing to complexity, follow-up intensity, and operational performance in trial delivery. * 14 ranked Trial Rating Indicators (TRIs) were specified. * Seven open questions in the first qualitative round generated 531 individual statements. * Iterative survey rounds returned rates of 82%, 82%, and 93%.","* The panel developed 75 consensus statements illustrating factors contributing to complexity, follow-up intensity, and operational performance in trial delivery. * 14 ranked trial rating indicators (TRIs) were specified. * Seven open questions in the first qualitative round generated 531 individual statements. * Iterative survey rounds returned rates of 82%, 82%, and 93%."
"Ontario Protocol Assessment Level: Clinical Trial Complexity Rating Tool for Workload Planning in Oncology Clinical Trials","https://scispace.com/papers/ontario-protocol-assessment-level-clinical-trial-complexity-1txwv4c4zp","2011","Journal Article","Journal of Oncology Practice","Bobbi Smuck
Phyllis Bettello
Koralee Berghout
Tracie Hanna
Brenda Kowaleski
Lynda Phippard
Diana Au
Kay Friel","10.1200/JOP.2010.000051","https://scispace.com/pdf/ontario-protocol-assessment-level-clinical-trial-complexity-1txwv4c4zp.pdf","Yes","","","","","","","","","","","SciSpace Full Text","- **Relevance Score:** 70/100 - **Relevance Tag:** Partially Relevant - **Reasoning:** Uses a rating tool to quantify oncology trial workload, directly addressing complexity metrics and supporting planning; links to feasibility via workload estimates but stops short of a full site‑selection decision framework.","Purpose: The Ontario Institute for Cancer Research supported the creation of a working group with the objective of developing a standard rating scale to evaluate clinical trial complexityandapplyingthescaletofacilitateworkloadmeasurement for Ontario cancer research sites. Methods: The lack of a mechanism to measure the workload involved in a clinical trials protocol was identified and confirmed by a literature review. To collect information on how Ontario sites were assessing workload, a survey was distributed and evaluated. As a result, the working group developed the Ontario Protocol Assessment Level (OPAL), a protocol complexity rating scale designed to capture the workload involved in a clinical trial. After a training workshop on the application, OPAL was evaluated by 17 Ontario cancer centers to demonstrate its reliability and consistency during a 3-month pilot study. Results: Twenty-seven protocols were reviewed by multiple sites, and the majority of the sites reported OPAL score differences between 0 and 1.5. Conclusion: OPAL provides clinical trials departments with an objective method of quantifying clinical trials activity on the basis of study protocol complexity. With consistent application of OPAL, sites can manage staffing objectively. The working group is continuing to monitor the application of OPAL in Ontario.","The Ontario Protocol Assessment Level (OPAL) framework assesses clinical trial complexity using a pyramid rating scale. This scale progresses from less complex, nontreatment trials (levels 1 and 2) to complex phase I intervention trials (level 8). Complexity is also influenced by incremental procedures unique to each trial, beyond core tasks. Optional elements can further adjust the score based on factors like inpatient requirements, monitoring, number of visits, and sponsor involvement.","The OPAL scale ranks complexity from levels 1 through 8, with optional elements adding 0.5 increments for a maximum score of 10. The score indicates incremental increases in trial complexity. This score, combined with expected patient enrollment, helps managers estimate workload. It informs decisions on assigning studies based on trial requirements and available workload capacity, and can support staffing adjustments.","* One hundred seventy-six OPAL assessment ratings for new clinical trial protocols were received from 17 participating cancer clinical trials sites in Ontario. * Twenty-seven of these protocols were reviewed by more than one site. * Analysis showed that a variance of up to 1.5 in OPAL scores was acceptable. * Two trials had a variance of 3.5, which was determined to be due to a misinterpretation of the definition of special procedures. * OPAL needs consistent application based on local practices to produce measurable site workload information. * After the pilot study, OPAL was revised to more accurately reflect reported activity, and educational updates were provided via webinars.","* Twenty-seven protocols were reviewed by multiple sites. * The majority of sites reported OPAL score differences between 0 and 1.5. * OPAL provides an objective method for quantifying clinical trials activity based on study protocol complexity. * Consistent application of OPAL allows sites to manage staffing objectively. Page 2, ""Results"" section: * 176 OPAL assessment ratings for new clinical trial protocols were received from 17 participating cancer clinical trials sites in Ontario. * 27 protocols were reviewed by more than one site. * Analysis showed that an OPAL score variance of up to 1.5 was acceptable. * Two trials had a variance of 3.5 due to misinterpretation of ""special procedures"" definition. * OPAL needs consistent application based on local practices to produce measurable site workload information. * OPAL was revised after the pilot study to more accurately reflect reported activity."
"Selecting and Preparing Clinical Sites for the Successful Conduct of Decentralized Clinical Trial Activities–Findings From the Trials@Home <scp>RADIAL</scp> Proof‐of‐Concept Trial","https://scispace.com/papers/selecting-and-preparing-clinical-sites-for-the-successful-haatmkxbj92h","2025","Journal Article","Clinical Pharmacology & Therapeutics","Katarzyna Lipinska
Danny van Weelij
Bart Lagerwaard
Linda Rutgrink
Eduard Vardianu
Petra Naster
Lina Pérez Breva
Paul Bodfish
Megan Heath
Yvonne van Rijswick
Diederick E Grobbee
Mira G. P. Zuidgeest
Katarzyna Lipinska
Danny van Weelij
Bart Lagerwaard
Linda Rutgrink
Eduard Vardianu
Petra Naster
Lina Pérez Breva
Paul Bodfish
Megan Heath
Yvonne van Rijswick
Diederick E Grobbee
Mira G. P. Zuidgeest","10.1002/cpt.70075","","No","","","","","","","","","","","SciSpace","- **Relevance Score:** 60/100 - **Relevance Tag:** Partially Relevant - **Reasoning:** Uses detailed feasibility assessments (operational capability, tech readiness) to evaluate sites, directly informing feasibility and site‑selection decisions. Discusses complexity factors but stops short of a formal, reusable assessment framework.","Decentralized clinical trials (DCTs) offer opportunities to improve trial accessibility, participant convenience, and efficiency, yet may pose significant operational challenges for clinical trial sites. This paper presents the operational insights gained from selecting, training, and supporting clinical sites within the RADIAL proof‐of‐concept trial, part of the Trials@Home project. RADIAL was a multicenter, low‐intervention phase IV trial comparing conventional, hybrid, and fully decentralized approaches for individuals with type 2 diabetes mellitus across six European countries. Site selection involved detailed feasibility assessments evaluating operational capabilities, recruitment potential, technological readiness, and willingness to implement decentralized elements. Despite proactive training, including ongoing support via a centralized helpdesk, sites faced initial difficulties with technology management and participant onboarding. Contractual complexities were prominent, particularly regarding clearly delineating responsibilities and data handling in agreements involving third‐party providers. Moreover, integrating third‐party services necessitated meticulous oversight strategies and continuous stakeholder coordination to ensure regulatory compliance and efficient trial management. Our experiences underscore essential considerations for future DCT implementations: proactive stakeholder alignment; tailored, timely, and ongoing training and support; intuitive technology design informed by clinical user input; robust, centralized oversight structures; and clearly defined delegation frameworks for third‐party engagements. Addressing these operational considerations will facilitate smoother transitions toward decentralized clinical research models, maximizing their potential benefits while managing associated complexities effectively—especially for clinical site staff.","Feasibility assessments evaluated operational capabilities, recruitment potential, technological readiness, and willingness to implement decentralized elements. The paper also noted contractual complexities, particularly regarding responsibility delineation and data handling, and challenges with technology management and participant onboarding. Integrating third-party services necessitated meticulous oversight and coordination.","The metadata states that site selection involved detailed feasibility assessments evaluating operational capabilities, recruitment potential, technological readiness, and willingness to implement decentralized elements. However, it does not specify how complexity is numerically scored or rated, nor does it mention specific decision thresholds, cutoffs, or classification schemes (e.g., fit/unfit, low/medium/high complexity). Therefore, the scoring and decision approach details are not specified.","* The paper presents operational insights gained from selecting, training, and supporting clinical sites within the RADIAL proof-of-concept trial. * Sites faced initial difficulties with technology management and participant onboarding despite proactive training and a centralized helpdesk. * Contractual complexities were prominent, especially regarding responsibility delineation and data handling with third-party providers. * Integrating third-party services required meticulous oversight and continuous stakeholder coordination for regulatory compliance and efficient management.","* Operational insights from the RADIAL proof-of-concept trial are presented. * Challenges were highlighted in selecting, training, and supporting clinical sites for decentralized clinical trials (DCTs). * Recommendations are provided for future DCT implementations to ensure smoother transitions and effective management."
"How Many Cs in NICU","https://scispace.com/papers/how-many-cs-in-nicu-gji9ws6iid","2013","Dissertation","","Lynn Sinclair","","https://scispace.com/pdf/how-many-cs-in-nicu-gji9ws6iid.pdf","Yes","","","","","","","","","","","SciSpace Full Text","- **Relevance Score:** 55/100 - **Relevance Tag:** Partially Relevant - **Reasoning:** Uses detailed discussion of trial complexity and feasibility challenges to illustrate barriers, but does not present a formal assessment framework; highlights complexity factors and feasibility implications for site selection.","","The complexity dimensions identified for assessing clinical trial feasibility include: - **Sample size calculation** - **Data analysis** - **Ethical dilemmas** (including informed consent, differing HREC views, and patient exclusion criteria) - **Logistical challenges** - **Investment** (time, money, people) - **Confounding variables** - **Practice environment** (contextual, social, individual factors, clinician opinion, beliefs, and preferences) - **Interpersonal relationships**","Not addressed in this paper.","* **Systematic Review Results (Chapter 3):** * Four studies enrolling 742 infants were included. * One study compared low-level versus moderate-level humidity and found a statistically significant increase in transepidermal water loss (TEWL) on days 14 and 28 in the low-level group. * Three studies compared low-level versus high-level humidity. * Silverman (1957) found a significant decrease in mortality within the first 5 days of life in the high-level humidity group (typical RR 0.66, 95% CI 0.46, 0.94). * No significant difference in mortality by day 28 was found in Silverman (1957) or Silverman (1963). * No significant difference in incidence of intraventricular haemorrhage (IVH) or sepsis was found across studies. * Sapiegiene (2004) reported no significant difference in patent ductus arteriosus (PDA) or sepsis. * No studies reported on varying durations of humidification or outcomes beyond 28 days of life. * **Survey Results (Chapter 4):** * All 26 NICUs surveyed routinely used supplemental humidity for preterm infants. * The majority of centers (77%) had written protocols. * 88% commenced humidity at a high level (≥ 80% relative humidity). * Wide practice variation was found in gestational age parameters for humidity use, duration of use, timing of initiation, and weaning practices. * Perceived benefits included improved thermoregulation, skin integrity, fluid and electrolyte balance, and reduced TEWL. * Perceived risks included sepsis and hyperthermia. * Rainout/condensation was the most commonly reported complication (58%). * An overarching theme of ""uncertainty in the practice environment"" was identified, influenced by lack of robust evidence, inconsistencies in practice, challenging professional relationships, and workplace characteristics. * **Single-Centre Audit Results (Chapter 5):** * 211 infants were eligible for inclusion in the audit, comparing 109 infants who received humidity with 102 who did not. * The humidity group had lower gestational age, birth weight, and percentile for gestational age, making the groups non-comparable. * Infants in the humidity group had higher mean potassium levels on days four and five of life. * Infants who did not receive humidity experienced greater weight loss (p < 0.045) and increased fluid requirements on days three to seven. * The humidity group experienced more episodes of hypothermia on day three of life and a statistically significant increased risk of hyperthermia on day 1 (p < 0.001) and day 4 (p < 0.007). * The humidity group had a higher incidence of mortality (p < 0.020), PDA (p < 0.0001), CLD (p < 0.004), and gram-negative colonisation (p < 0.019). * No observed difference in culture-positive sepsis, IVH, or NEC between the two groups. * Logistic regression analysis indicated gestational age and, to a lesser extent, birth weight, not humidity use, were predictive of short-term health outcomes.","* **Systematic Review Findings:** * Insufficient evidence from clinical trials to guide optimal levels and duration of incubator humidity for preterm infants. (p. 71) * One early study found high-level humidity reduced mortality, but infants were hypothermic by today's standards. (p. 71) * No evidence from randomized controlled trials that humidification reduces fluid requirements, weight loss, or incidence of PDA, or increases risk of IVH, sepsis, or adverse neurodevelopmental outcomes. (p. 71) * One small study suggested moderate humidity over time might increase transepidermal water loss (TEWL) and delay epidermal barrier maturation. (p. 71) * No studies reported on varying durations of humidity or long-term outcomes. (p. 71) * Significant clinical and methodological heterogeneity meant no results were pooled in a meta-analysis. (p. 70) * **Survey Findings (Humidification Practices in Australia and New Zealand):** * All 26 surveyed NICUs routinely used supplemental humidity for preterm infants. (p. 104) * 88% of centers commenced humidity at a high level (≥ 80% relative humidity). (p. 100) * Wide practice variation existed in gestational age parameters, duration of use (3 to 77 days), timing of initiation, and weaning practices. (p. 100) * Perceived benefits included improved thermoregulation, skin integrity, fluid/electrolyte balance, and reduced TEWL. (p. 100) * Perceived risks included sepsis and hyperthermia. (p. 100) * Rainout/condensation was the most commonly reported complication (58% of centers). (p. 107) * Lack of robust research evidence contributed to uncertainty and variability in practice. (p. 109) * Individual clinician preferences, experiences, beliefs, and perceived benefits/risks significantly influenced decisions. (p. 108) * **Single-Centre Audit Findings:** * The audit revealed two non-comparable infant groups, limiting conclusions about humidity's effect on outcomes. (p. 141, 153) * Infants who received humidity were smaller and more preterm. (p. 141) * Statistically significant increase in fluid requirements on days 3-7 of life for infants not receiving humidity. (p. 144) * Infants in the humidity group had higher mean potassium levels on days 4 and 5. (p. 144) * Infants not receiving humidity experienced greater weight loss. (p. 144) * Infants in the humidity group experienced more episodes of hypothermia on day 3, and hyperthermia on days 1 and 4. (p. 145) * Humidity group showed a statistically significant increase in mortality, PDA, CLD, and gram-negative colonization. (p. 146) * No observed difference in culture-positive sepsis, IVH, or NEC between the two groups. (p. 146) * Gestational age and birth weight, not humidity use, were predictive of short-term health outcomes. (p. 147) * Wide variation in humidity levels and weaning practices, reflecting lack of clear evidence and variations in practice. (p. 149) * Individual clinicians' non-adherence to CPG recommendations and decisions not to use humidity were noted. (p. 150) * **Overall Thesis Findings:** * The importance of the practice environment/context on knowledge generation, utilization, and patient care. (p. 188) * The overarching influence of complex NICU contexts and the powerful effect individuals have on relationships in the practice environment, knowledge generation, and clinical practice. (p. 186) * The need for optimal levels and duration of humidification to be defined, and for future trials to be powered to detect clinically important differences in long-term neurodevelopmental and behavioral outcomes. (p. 131)"
"Site selection in community-based clinical trials for substance use disorders: strategies for effective site selection.","https://scispace.com/papers/site-selection-in-community-based-clinical-trials-for-4k413h756e","2011","Journal Article","American Journal of Drug and Alcohol Abuse","Jennifer Sharpe Potter
Dennis M. Donovan
Roger D. Weiss
John G. Gardin
Robert Lindblad
Paul Wakim
Dorian R. Dodd","10.3109/00952990.2011.596975","https://scispace.com/pdf/site-selection-in-community-based-clinical-trials-for-4k413h756e.pdf","Yes","","","","","","","","","","","SciSpace Full Text","- **Relevance Score:** 55/100 - **Relevance Tag:** Partially Relevant - **Reasoning:** Uses systematic, data‑driven site‑selection process to improve feasibility decisions; discusses many trial‑site factors but stops short of a formal complexity‑assessment framework.","Background: The importance of conducting substance use disorder treatment research in real-world settings is now well recognized. While this approach to clinical trials research offers a variety of benefits, challenges also arise. Selecting high-quality sites to participate is critical to recruitment, retention, and overall trial performance when conducting multi-site, community-based clinical trials of treatments for substance use disorders. Objectives: Over the past 10 years, the National Institute on Drug Abuse-sponsored National Drug Abuse Treatment Clinical Trials Network (CTN) has strived to conduct high-quality, well-managed clinical trials. This includes developing methods for site selection to be used by investigators conducting CTN trials. Methods: We review site selection strategies from two community-based multi-site clinical trials conducted under the auspices of the National Drug Abuse Treatment Clinical Trials Network. Results: Issues relevant to site selection include the clinical trial de...","The paper identifies several considerations for successful site selection that reflect different dimensions of complexity: * **Clinical Trial Design:** Unique characteristics, complexity (e.g., adaptive, pharmacotherapy), specific populations, research capacities, specialized staff, and patient volume. * **Treatment Program Organizational Attributes:** Leadership/staff attributes (management style, research experience, staffing, morale), institutional support, organizational climate, and tangible resources. * **Availability of clinical population:** Ability to enroll desired participants, recruitment sources, and patient characteristics.","The STAGE-12 Executive Committee rated blinded potential sites independently on a priori determined criteria, returning ratings to a central Clinical Coordinating Center (CCC). The CCC collated results, provided summary scores, and a rank ordering of sites. A priori criteria included minimum client flow, intensive outpatient program hours, and group/individual sessions. Sites with the highest ratings overall and across dimensions were considered for the next phase. The paper does not specify a numeric scale, weighted scoring, or exact decision thresholds beyond ""highest ratings.""","* Issues relevant to site selection include clinical trial design, appropriate clinical population, and organizational attributes. * Site selection strategies include reviewing regional epidemiologic data, standard site selection surveys, evaluating clinic data, and site selection interviews/visits.","* Issues relevant to site selection include clinical trial design, availability of appropriate clinical population, and organizational attributes of potential clinical research sites. * Site selection strategies include reviewing regional epidemiologic data, collecting standard site selection surveys, evaluating clinic data on existing patient populations, and site selection interviews and visits. * The paper describes considerations for selecting research sites and identifies specific strategies for selecting community-based sites for clinical trial participation."
"Lessons in complexity learned during a Canadian virtual pragmatic trial for prostate cancer survivorship","https://www.tandfonline.com/doi/abs/10.1080/28352610.2025.2474592","2025","Journal Article","","Kaylen J. Pfisterer
Karen Young
R Lohani
Ting Xiong
Tiffane Anandarajan
Denise Ng
Tina Jiao
Caitlin Nunn
Denise Bryant-Lukosius
R. Rendon
Robert J. Hamilton
Jackie Bender
Ian Brown
Andrew Feifer
Geoffrey Gotto
Joseph A Cafazzo
Quynh Pham","10.1080/28352610.2025.2474592","https://www.tandfonline.com/doi/pdf/10.1080/28352610.2025.2474592","No","","DHhOCp2nYCEJ","","","","","","","","","Google Scholar","- **Relevance Score:** 55/100 - **Relevance Tag:** Partially Relevant - **Reasoning:** Uses NASSS‑CAT SHORT to evaluate trial complexity; provides detailed complexity insights but does not propose a new decision‑making framework, and only loosely ties findings to site feasibility.","","The paper used the NASSS complexity assessment tool (NASSS-CAT SHORT) to evaluate trial complexity. While the snippet mentions ease of use and high observations, specific dimensions or domains of the NASSS-CAT SHORT are not explicitly detailed in the provided metadata.","The paper uses the NASSS-CAT SHORT complexity assessment tool. While it provides detailed complexity insights, the metadata does not specify how complexity is scored (e.g., numeric scale, categorical levels) or how these scores directly inform go/no-go or feasibility decisions, nor does it mention specific decision thresholds or classification schemes. Not specified.","- Uses NASSS-CAT SHORT to evaluate trial complexity. - Observed ease of use and high relevance when using NASSS-CAT SHORT.","* Observed ease of use and high (unspecified metric) from pilot into the control arm of their Ned clinical trial. * Selected the NASSS complexity assessment tool (NASSS-CAT SHORT) for trial sites."
"Towards quantum computing for clinical trial design and optimization: A
  perspective on new opportunities and challenges","https://scispace.com/papers/towards-quantum-computing-for-clinical-trial-design-and-f5e2cucgyr","2024","Preprint","","Hakan Doga
Mehmet Şahin
Joao Bettencourt-Silva
Anh T. Pham
Eun Young Kim
Alan Andress
Shekhar Saxena
Aritra Bose
Laxmi Parida
Jan Lukas Robertus
Hideaki Kawaguchi
Ranin Soliman
Daniel Blankenberg","10.48550/arxiv.2404.13113","https://scispace.com/pdf/towards-quantum-computing-for-clinical-trial-design-and-f5e2cucgyr.pdf","No","","","","","","","","","","","SciSpace Full Text","- **Relevance Score:** 55/100 - **Relevance Tag:** Partially Relevant - **Reasoning:** Uses quantum portfolio optimization to select trial sites, linking to feasibility decisions; mentions complexity challenges but lacks a formal assessment framework or detailed metrics.","Clinical trials are pivotal in the drug discovery process to determine the safety and efficacy of a drug candidate. The high failure rates of these trials are attributed to deficiencies in clinical model development and protocol design. Improvements in the clinical drug design process could therefore yield significant benefits for all stakeholders involved. This paper examines the current challenges faced in clinical trial design and optimization, reviews established classical computational approaches, and introduces quantum algorithms aimed at enhancing these processes. Specifically, the focus is on three critical aspects: clinical trial simulations, site selection, and cohort identification. This study aims to provide a comprehensive framework that leverages quantum computing to innovate and refine the efficiency and effectiveness of clinical trials.","The paper identifies several dimensions contributing to clinical trial complexity and feasibility: * **Clinical trial simulations**: Inadequate consideration of biophysical/physiological characteristics, optimal dosage, and mechanism of action. * **Site selection**: Study-specific infrastructure/resources, catchment area for patient recruitment, site-specific characteristics (e.g., quality electronic records, expert trialists), geographical considerations, patient access, and working culture. * **Cohort identification**: Inclusion/exclusion criteria, patient diversity (age, gender, ethnicity), genomic/epigenetic profiles, and data quality issues (e.g., missing modalities).","The paper mentions that site selection involves ranking sites based on features and assigned weighted scores, with tiers constructed from final rankings to make decisions. For quantum optimization, a trial quantum state is prepared, and a classical optimizer updates the state until a solution is recovered. For cohort identification, ML models classify, cluster, and predict suitable candidates. Specific scoring scales, thresholds, or categorical levels (e.g., low/medium/high complexity) are not explicitly detailed.","Not addressed in this paper.","* Clinical trials have high failure rates due to deficiencies in clinical model development and protocol design. * Quantum computational methods are proposed to improve clinical trial outcomes, focusing on clinical trial simulations, site selection, and cohort identification. * The paper establishes workflows with quantum optimization and quantum machine learning methods for these subproblems. * Quantum differential solvers can enhance understanding of drug mechanistic properties and optimize logistical steps for site and cohort selection. * Quantum generative models are proposed to improve cohort identification."
"Perspective on optimizing clinical trials in critical care: how to puzzle out recurrent failures.","https://scispace.com/papers/perspective-on-optimizing-clinical-trials-in-critical-care-5c9abxphlf","2016","Journal Article","Journal of intensive care","Bruno François
Marc Clavel
Philippe Vignon
Pierre-François Laterre","10.1186/S40560-016-0191-Y","https://scispace.com/pdf/perspective-on-optimizing-clinical-trials-in-critical-care-5c9abxphlf.pdf","Yes","","","","","","","","","","","SciSpace Full Text","- **Relevance Score:** 55/100 - **Relevance Tag:** Partially Relevant - **Reasoning:** Uses detailed recruitment‑capacity tracking and prior performance metrics to improve site selection; lacks a formal complexity framework but discusses complexity‑related factors.","Critical care is a complex field of medicine, especially because of its diversity and unpredictability. Mortality rates of the diseases are usually high and patients are critically ill, admitted in emergency, and often have several overlapping diseases. This makes research in critical care also complex because of patients’ conditions and because of the numerous ethical and regulatory requirements and increasing global competition. Many clinical trials in critical care have thus failed and almost no drug has yet been developed to treat intensive care unit (ICU) patients. Learning from the failures, clinical trials must now be optimized. Several aspects can be improved, beginning with the design of studies that should take into account patients’ diversity in the ICU. At the site level, selection should reflect more accurately the potential of recruitment. Management of all players that can be involved in the research at a site level should be a priority. Moreover, training should be offered to all staff members, including the youngest. National and international networks are also part of the future as they create a collective synergy potentially improving the efficacy of sites. Finally, computerization is another area that must be further developed with the appropriate tools. Clinical research in the ICU is thus a discipline in its own right that still requires tailored approaches. Changes have to be initiated by the investigators themselves as they know all the specificities of the field.","The paper identifies several complexity dimensions for clinical trials in critical care: * **Increasing trial complexity:** driven by precise inclusion/exclusion criteria, narrow enrolment windows, pharmacokinetic explorations, and biomarker use. * **Increasing regulatory requirement:** due to safety concerns, legal requirements (data management, informed consent, biological sampling, CRF), and specific critical care needs. * **International competition:** for leadership in medical fields and faster trial completion.","The paper notes that trial complexity has dramatically increased, with inclusion/exclusion criteria becoming more precise. Biomarkers are frequently used to better characterize the study population and increase research complexity. However, the document does not specify a numeric scale, weighted scoring, categorical levels, or threshold cutoffs for rating complexity. It also does not detail how scores inform go/no-go or feasibility decisions. Not specified.","Not addressed in this paper.","* Critical care is a complex medical field with high mortality rates, patient diversity, and unpredictability, making research challenging. * Many clinical trials in critical care have failed, with almost no drugs specifically developed for ICU patients. * Trial complexity has increased due to more precise inclusion/exclusion criteria, narrow enrollment windows, and the use of pharmacokinetic explorations and biomarkers. * Regulatory requirements have significantly increased, with critical care research having even more requirements due to life-threatening conditions and patients' inability to consent. * Clinical research has become an international competition, with a similar dynamic observed in both academic and pharmaceutical sectors. * Most clinical trials in critical care have failed despite strong scientific rationales, and there is a lack of ICU-specific drugs, with the main issue often being the clinical phase of trials. * Current site selection practices are often imperfect, with a ""20/80 rule"" where 80% of patients are recruited by 20% of sites, and recruitment capacity is frequently overestimated. * Clinical research in the ICU is often treated as a stand-alone activity rather than an integrated part of routine patient care."
"Appendix_S3 - Statistical Methods for Clinical Study Site Selection","https://scispace.com/papers/appendix-s3-statistical-methods-for-clinical-study-site-hbph36g1t924","2019","Repository","","Xu, Jianjin
Huang Lan
Yao Zhihao
Xu Zhiheng
Tiwari, Ram","10.25384/sage.7722923.v1","","No","","","","","","","","","","","SciSpace","- **Relevance Score:** 50/100 - **Relevance Tag:** Partially Relevant - **Reasoning:** Uses statistical site‑selection methods to inform feasibility decisions, but lacks a dedicated complexity‑assessment framework; mentions complexity only tangentially.","Appendix_S3 for Statistical Methods for Clinical Study Site Selection by Jianjin Xu, Lan Huang, Zhihao Yao, Zhiheng Xu, Jyoti Zalkikar, and Ram Tiwari in Therapeutic Innovation &amp; Regulatory Science","The appendix outlines statistical methods for selecting clinical study sites. It covers site feasibility assessment, site selection criteria, and statistical models for site evaluation. These areas implicitly represent complexity dimensions related to ensuring efficient and effective study site selection.","Not specified. The metadata indicates the appendix outlines statistical methods for selecting clinical study sites, including site feasibility assessment, site selection criteria, and statistical models for site evaluation. However, it does not specify how complexity is scored or rated (e.g., numeric scale, weighted scoring) or detail any decision thresholds, cutoffs, or classification schemes for go/no-go or feasibility decisions.","Not available in metadata.","This appendix outlines statistical methods for selecting clinical study sites, including site feasibility assessment, site selection criteria, and statistical models for site evaluation, to ensure efficient and effective study site selection."
"Harmonizing Protocol Complexity with Resource Management and Capacity Planning at Clinical Research Sites.","https://scispace.com/papers/harmonizing-protocol-complexity-with-resource-management-and-3d2gzqlhvs","2020","Journal Article","Therapeutic Innovation & Regulatory Science","David J. Morin","10.1007/S43441-020-00120-8","","No","","","","","","","","","","","SciSpace","- **Relevance Score:** 50/100 - **Relevance Tag:** Partially Relevant - **Reasoning:** Introduces algorithmic metrics to gauge protocol complexity and CRC productivity, but applies them to internal workload planning rather than site‑selection feasibility.","Clinical research sites conduct trials with diverse complexities, timelines, and ever-changing workloads. Though the principal investigator (PI) is ultimately responsible for the content and conduct of trials, they rely heavily on site staff to successfully enroll and complete studies following good clinical practice (GCP) Guidelines. The mainstays of the site workforce are the clinical research coordinators (CRCs) to whom the trials are assigned. These CRCs work on many studies concurrently. Managing study assignments and workload is a difficult task that requires knowledge of the trial complexity, expected enrollment, and many other factors affecting performance. Traditional methods for allocating workload to site staff quantitate trial complexity and estimate work hours by factoring in the number of trial participants. However, this does not account for the effects of associated workload or variability in staff attributes. It also neglects other factors that affect performance and assumes maximum enrollment and completion of the trial by all participants. This article introduces a novel approach that determines the effects of protocol complexity on CRC productivity without effort tracking. These metrics permit an assessment of how the CRC’s performance is affected by the number of studies assigned. By understanding the effects of workload allocation on CRC productivity and capacity, the site manager can use an algorithmic approach toward improving performance. The process takes into account factors that are both within and outside the control of the site manager. Sites may benefit from analytics that measures how CRCs adapt to the effects of study complexity on cumulative workloads over time. Optimizing productivity also means conforming to GCP Guidelines and avoiding staff burnout. As studies become increasingly difficult, site managers need tools to manage complexity and balance workloads among staff.","The paper introduces a novel approach to determine the effects of protocol complexity on CRC productivity. It mentions that traditional methods consider trial complexity and work hours by factoring in the number of trial participants. However, it highlights that this does not account for associated workload, variability in staff attributes, or other performance factors. The article focuses on ""protocol complexity"" and its effects on CRC productivity and cumulative workloads over time.","The article introduces a novel approach that determines the effects of protocol complexity on Clinical Research Coordinator (CRC) productivity without effort tracking. This allows an assessment of how CRC performance is affected by the number of studies assigned. The process permits an algorithmic approach toward improving performance and managing complexity. Specific scoring methods, numeric scales, weighted scoring, categorical levels, or decision thresholds for go/no-go or feasibility are not specified.","* A novel approach determines the effects of protocol complexity on CRC productivity without effort tracking. * This approach permits an assessment of how the CRC’s performance is affected by the number of studies assigned. * It allows site managers to use an algorithmic approach to improve performance by understanding workload allocation effects on CRC productivity and capacity. * The process considers factors both within and outside the site manager's control. * Analytics measuring how CRCs adapt to study complexity on cumulative workloads over time can benefit sites. * Optimizing productivity also means conforming to GCP Guidelines and avoiding staff burnout.","* A novel approach determines the effects of protocol complexity on Clinical Research Coordinator (CRC) productivity without effort tracking. * This approach allows assessment of how a CRC's performance is affected by the number of studies assigned. * It permits an assessment of how the CRC’s performance is affected by the number of studies assigned. * Site managers can use an algorithmic approach to improve performance by understanding workload allocation effects on CRC productivity and capacity. * The process accounts for factors both within and outside the site manager's control. * Sites may benefit from analytics measuring how CRCs adapt to study complexity's effects on cumulative workloads over time. * Optimizing productivity also means conforming to GCP Guidelines and avoiding staff burnout."
"Appendix_S1 - Statistical Methods for Clinical Study Site Selection","https://scispace.com/papers/appendix-s1-statistical-methods-for-clinical-study-site-qwh6qa062ywi","2019","Repository","","Xu, Jianjin
Huang Lan
Yao Zhihao
Xu Zhiheng
Tiwari, Ram","10.25384/sage.7722917.v1","","No","","","","","","","","","","","SciSpace","- **Relevance Score:** 50/100 - **Relevance Tag:** Partially Relevant - **Reasoning:** Uses statistical site‑selection models to guide feasibility decisions; lacks a dedicated complexity‑assessment framework and detailed complexity metrics, focusing mainly on selection methodology.","Appendix_S1 for Statistical Methods for Clinical Study Site Selection by Jianjin Xu, Lan Huang, Zhihao Yao, Zhiheng Xu, Jyoti Zalkikar, and Ram Tiwari in Therapeutic Innovation &amp; Regulatory Science","Not available in metadata.","Not specified. The metadata indicates the title is ""Appendix_S1 - Statistical Methods for Clinical Study Site Selection"" and mentions authors and publication details. However, it does not provide any information on how complexity is scored or rated, nor does it detail how scores inform go/no-go or feasibility decisions, including any decision thresholds, cutoffs, or classification schemes.","Not available in metadata.","Not available in metadata."
"A Method to Redesign and Simplify Schedules of Assessment and Quantify the Impacts. Applications to Merck Protocols","https://scispace.com/papers/a-method-to-redesign-and-simplify-schedules-of-assessment-52iqus2enk","2024","Journal Article","medRxiv","MD Steven R. Cummings
PhD Scott Chetham
MA Andy Lee","10.1101/2024.01.02.24300749","","No","","","","","","","","","","","SciSpace","- **Relevance Score:** 50/100 - **Relevance Tag:** Partially Relevant - **Reasoning:** Uses Lean Design to rebuild assessment schedules and quantifies time/cost impacts, directly tackling trial complexity. Provides a practical tool for redesign, but stops short of linking results to feasibility analysis or site‑selection decisions.","Abstract The growing complexity of biopharmaceutical sponsored trials has adverse impacts on increased burdens on participants, clinical sites, and sponsors, including greater difficulty recruiting and retaining participants, difficulty engaging sites to participate in trials, excessive cost of trials, and increased cycle times. The schedule of assessments (SoAs) is the origin of and blueprint for complexity that is often generated by copying and pasting from previous SoAs. We developed an approach, termed Lean Design, for redesigning SoAs, restarting SoAs from ground zero, challenging the addition of assessments using several principles of trial design. We employed a system, the Faro Trial Designer Tool, to quantify the impacts of changes in an SoA to provide real-time feedback to the team and sponsor. We applied the approach in workshops with teams for six clinical trials in various stages of design and implementation. The approach resulted in recommendation for substantial savings in participant and site staff time, costs, and complexity of the trials. Application of this approach to very early stages of protocol design has the potential to reduce the complexity of biopharmaceutical sponsored trials and its consequences.","The paper identifies complexity dimensions related to increased burdens on participants, clinical sites, and sponsors. These include difficulty recruiting and retaining participants, difficulty engaging sites, excessive trial costs, and increased cycle times. The schedule of assessments (SoAs) is highlighted as the origin of complexity. The Lean Design approach challenges assessment additions based on trial design principles.","The paper states that a system, the Faro Trial Designer Tool, was employed to quantify the impacts of changes in a Schedule of Assessments (SoA) to provide real-time feedback. It mentions the approach resulted in recommendations for substantial savings in participant and site staff time, costs, and trial complexity. However, specific details on how complexity is numerically scored, weighted, or categorized into levels (e.g., low/medium/high) or how these scores directly inform go/no-go or feasibility decisions with thresholds are not specified. Not specified.","- The approach resulted in recommendations for substantial savings in participant and site staff time, costs, and complexity of trials. - Application of this approach to very early stages of protocol design has the potential to reduce the complexity of biopharmaceutical sponsored trials and its consequences.","* The developed approach, termed Lean Design, resulted in recommendations for substantial savings in participant and site staff time, costs, and trial complexity. * Application of this approach to very early stages of protocol design has the potential to reduce the complexity of biopharmaceutical sponsored trials and its consequences."
"Exploring complexity and learning: insights from the DIBH-app project using NASSS-CAT","https://link.springer.com/article/10.1007/s10742-026-00373-0","","","","F Ventura
M Brovall
F Smith","","https://link.springer.com/content/pdf/10.1007/s10742-026-00373-0.pdf","No","","u2Ulec1qllUJ","","","","","","","","","Google Scholar","- **Relevance Score:** 50/100 - **Relevance Tag:** Partially Relevant - **Reasoning:** Uses NASSS‑CAT to assess implementation complexity of a radiotherapy app, providing detailed complexity insights but stops short of a trial‑level decision framework or site‑selection guidance.","","The paper uses NASSS-CAT to assess implementation complexity, providing detailed complexity insights for a radiotherapy app. It states that complexity assessment was treated as a facilitator, not an endpoint. Specific dimensions of NASSS-CAT are not explicitly listed in the metadata.","The metadata indicates that complexity assessment was used as a facilitator, not an endpoint. It does not specify how complexity is scored or rated (e.g., numeric scale, weighted scoring, categorical levels). No decision thresholds, cutoffs, or classification schemes for go/no-go or feasibility decisions are mentioned. Not specified.","* Complexity assessment was used as a facilitator. * The paper provides detailed complexity insights.","* Complexity assessment was used as a facilitator. * The study used NASSS-CAT to assess the implementation complexity of a radiotherapy app. * It provides detailed insights into complexity. * It does not include a trial-level decision framework. * It does not offer site-selection guidance."
"Computational Framework for Structuring and Analyzing Clinical Trial Criteria for AI-Guided Fine-grained Matching","https://link.springer.com/article/10.1007/s10916-025-02303-y","2025","Journal Article","Journal of Medical Systems","Daniel Roy Sadek Habib
Ishan Mahajan
Betina Evancha
Christine Micheel
Daniel Fabbri","10.1007/s10916-025-02303-y","https://link.springer.com/content/pdf/10.1007/s10916-025-02303-y.pdf","No","3","vw9K_GaejzAJ","","","","","","","","","Google Scholar","- **Relevance Score:** 50/100 - **Relevance Tag:** Partially Relevant - **Reasoning:** Introduces a complexity framework for structuring trial criteria, useful for AI matching, but stops short of linking scores to feasibility analysis or site‑selection decisions.","","The paper introduces a complexity framework for structuring trial criteria. While it mentions a ""complexity framework"" and ""complexity scores"" with implications for AI-guided trial matching, specific dimensions, domains, or categories of complexity (e.g., protocol design, operational burden, regulatory requirements) are not explicitly detailed in the provided metadata.","The paper introduces a complexity framework, but it does not specify how complexity is scored or rated (e.g., numeric scale, weighted scoring, categorical levels). It also does not explicitly detail how these scores inform go/no-go or feasibility decisions, nor does it mention specific decision thresholds, cutoffs, or classification schemes. The framework has implications for AI-guided trial matching, and high complexity scores may correlate with increased difficulty.","* The complexity framework has implications for AI-guided trial matching. * High complexity scores may correlate with increased difficulty in trial matching. * AI model performance was not directly tested.","* The complexity framework has implications for AI-guided trial matching. * High complexity scores may correlate with increased complexity in AI-guided trial matching. * The framework is useful for AI matching. * The paper introduces a complexity framework for structuring trial criteria. * The relevance summary indicates the paper's focus is highly relevant to clinical-trial complexity assessment. * The paper is partially relevant to an integrated complexity-assessment framework for clinical trials. * The paper has low relevance to decision-making for feasibility and site selection."
"Optimization of protocol design: a path to efficient, lower cost clinical trial execution","https://www.tandfonline.com/doi/abs/10.4155/fso.15.89","2016","Journal Article","Future Science OA","Marina A Malikova","10.4155/FSO.15.89","https://www.tandfonline.com/doi/pdf/10.4155/fso.15.89","Yes","19","dboeiCJeqeEJ","","","","","","","","","SciSpace","- **Relevance Score:** 50/100 - **Relevance Tag:** Partially Relevant - **Reasoning:** Proposes a comprehensive protocol complexity scoring model, directly addressing trial complexity metrics. Uses the model to guide planning and cost mitigation, but does not link it to site‑selection or feasibility decisions.","Managing clinical trials requires strategic planning and efficient execution. In order to achieve a timely delivery of important clinical trials’ outcomes, it is useful to establish standardized trial management guidelines and develop robust scoring methodology for evaluation of study protocol complexity. This review will explore the challenges clinical teams face in developing protocols to ensure that the right patients are enrolled and the right data are collected to demonstrate that a drug is safe and efficacious, while managing study costs and study complexity based on proposed comprehensive scoring model. Key factors to consider when developing protocols and techniques to minimize complexity will be discussed. A methodology to identify processes at planning phase, approaches to increase fiscal return and mitigate fiscal compliance risk for clinical trials will be addressed.","The paper focuses on managing study costs and study complexity based on a proposed comprehensive scoring model. It discusses key factors to consider when developing protocols and techniques to minimize complexity. A methodology to identify processes at the planning phase and approaches to increase fiscal return and mitigate fiscal compliance risk are also addressed. Specific complexity dimensions or domains of the scoring model are not explicitly detailed.","The paper proposes a comprehensive scoring model for evaluating study protocol complexity. This methodology aims to manage study costs and complexity by identifying processes at the planning phase. Specific details on the scoring mechanism (e.g., numeric scale, weighted scoring, categorical levels) and how scores inform go/no-go or feasibility decisions, including decision thresholds or cutoffs, are not specified.","Not available in metadata.","* Explores challenges clinical teams face in developing protocols. * Focuses on ensuring the right patients are enrolled and data collected to demonstrate drug safety and efficacy. * Addresses managing study costs and complexity using a proposed comprehensive scoring model. * Discusses key factors for protocol development and techniques to minimize complexity. * Presents a methodology to identify processes at the planning phase. * Covers approaches to increase fiscal return and mitigate fiscal compliance risk for clinical trials."
"Pharmacy Workload in Clinical Trial Management: A Preliminary Complexity Assessment Tool for Sponsored Oncology and Haematology Trials","https://www.mdpi.com/1718-7729/31/5/218","2024","Journal Article","Current Oncology","Lorenzo Gasperoni
Carla Masini
Giada Toscano
Alessandro Cafaro
Chiara Zani
Cristina Andrianò
Paolo Silimbani
Caterina Donati
Giorgia Bortolin
Sara Cecco","10.3390/curroncol31050218","","No","1","4ALgh4DqVB4J","","","","","","","","","SciSpace","- **Relevance Score:** 50/100 - **Relevance Tag:** Partially Relevant - **Reasoning:** Develops Pharm‑CAT to score pharmacy workload complexity in oncology trials, providing a structured assessment tool but limited to pharmacy tasks and not linked to broader feasibility or site‑selection decisions.","Investigational drug services need to be organised in a structured approach, especially for sites with a large number of ongoing clinical trials. The aim of this study was to develop a tool to assess the complexity of pharmacy involvement in a sponsored oncology clinical trial. Categorisation into ordinal complexity categories was used to assess the complexity of the clinical trials for consistent pharmacy grant applications. The 15 items of the tool were divided into three sections, and individual item scores were agreed upon among four pharmacists with experience in the conduct of clinical trials at two different centres. A final version of the tool, named Pharm-CAT, was approved. The pharmacists were instructed to use Pharm-CAT to assign a score to each new sponsored trial. To determine the cut-offs for the complexity categories, the scores were sorted in ascending order and the cut-offs corresponding to the first and third tertiles of the score distribution were selected. To verify the reproducibility of the results, Pharm-CAT was applied by two pharmacists independently for each trial. Pharm-CAT proved to be user-friendly. Sixty clinical trials were evaluated and a total of 120 scores were recorded. Low-complexity scores ranged from 0 to 19, medium-complexity scores ranged from 20 to 25, and high-complexity scores were 26 or higher. The average score recorded was 22.88 points. Prospective multicentre validation of Pharm-CAT is needed to confirm its applicability.","The Pharm-CAT tool, developed to assess the complexity of pharmacy involvement in sponsored oncology clinical trials, consists of 15 items divided into three sections. The specific names or dimensions of these three sections are not detailed in the metadata.","The Pharm-CAT tool uses 15 items with individual scores to assign a total score to each trial. Scores are categorized into ordinal complexity categories: low (0 to 19), medium (20 to 25), and high (26 or higher). These cut-offs correspond to the first and third tertiles of the score distribution, informing the classification of trial complexity.","* Sixty clinical trials were evaluated, and 120 scores were recorded. * Low-complexity scores ranged from 0 to 19. * Medium-complexity scores ranged from 20 to 25. * High-complexity scores were 26 or higher. * The average score recorded was 22.88 points. * Pharm-CAT proved to be user-friendly.","* A tool named Pharm-CAT was developed to assess the complexity of pharmacy involvement in sponsored oncology clinical trials. * The tool is user-friendly and categorizes clinical trials into ordinal complexity categories. * Sixty clinical trials were evaluated, yielding 120 scores. * Low-complexity scores ranged from 0 to 19, medium from 20 to 25, and high from 26 or higher. * The average score recorded was 22.88 points."
"Drivers of Start-Up Delays in Global Randomized Clinical Trials","https://scispace.com/papers/drivers-of-start-up-delays-in-global-randomized-clinical-42k1ecocvq","2021","Journal Article","Therapeutic Innovation & Regulatory Science","Jennifer C. Lai
Leila Forney
Daniel L. Brinton
Kit N. Simpson","10.1007/S43441-020-00207-2","https://scispace.com/pdf/drivers-of-start-up-delays-in-global-randomized-clinical-42k1ecocvq.pdf","Yes","","","","","","","","","","","SciSpace Full Text","- **Relevance Score:** 40/100 - **Relevance Tag:** Partially Relevant - **Reasoning:** Uses delay drivers and site‑selection challenges to illustrate complexity, but lacks a formal assessment framework; provides detailed insights into feasibility and site‑selection decisions.","Global, randomized clinical trials are extremely complex. Trial start-up is a critical phase and has many opportunities for delay which adversely impact the study timelines and budget. Understanding factors that contribute to delay may help clinical trial managers and other stakeholders to work more efficiently, hastening patient access to potential new therapies. We reviewed the available literature related to start-up of global, Phase III clinical trials and then created a fishbone diagram detailing drivers contributing to start-up delays. The issues identified were used to craft a checklist to assist clinical trial managers in more efficient trial start-up. We identified key drivers for start-up delays in the following categories: regulatory, contracts and budgets, insurance, clinical supplies, site identification and selection, site activation, and inefficient processes/pitfalls. Initiating global randomized clinical trials is a complex endeavor, and reasons for delay are well documented in the literature. By using a checklist, clinical trial managers may mitigate some delays and get clinical studies initiated as soon as possible.","The paper identifies key drivers for start-up delays in global, randomized clinical trials, which can be seen as complexity dimensions. These categories include: * Regulatory * Contracts and budgets * Insurance * Clinical supplies * Site identification and selection * Site activation * Inefficient processes/pitfalls","Not addressed in this paper.","* The literature review included 89 peer-reviewed journal articles and supplemental industry white papers and a book. * Key drivers for start-up delays in randomized controlled trials (RCTs) relate to regulatory approvals, site contracts and budgets, insurance, clinical supplies, site activation, inefficient processes, CROs, and translations. * The key findings in each of these areas are discussed in the paper.","* The literature review identified 89 peer-reviewed journal articles, industry white papers, and a book. * Key drivers for start-up delays in randomized controlled trials (RCTs) include regulatory approvals, site contracts and budgets, insurance, clinical supplies, site activation, inefficient processes, CROs, and translations. * These key drivers were detailed in a fishbone diagram (Fig. 1)."
"Examining the clinical trial feasibility process and its implications for a trial site","https://scispace.com/papers/examining-the-clinical-trial-feasibility-process-and-its-3bhu10p5f4","2011","Journal Article","Open Access Journal of Clinical Trials","Lesley J. Burgess
LJ Burgess
N U Sulzer","10.2147/OAJCT.S23631","https://scispace.com/pdf/examining-the-clinical-trial-feasibility-process-and-its-3bhu10p5f4.pdf","Yes","","","","","","","","","","","SciSpace Full Text","- **Relevance Score:** 40/100 - **Relevance Tag:** Partially Relevant - **Reasoning:** Uses site recruitment delays and regulatory timelines to illustrate feasibility challenges, but lacks a formal complexity framework; discusses complexity factors loosely; provides detailed insight into feasibility decision‑making and site‑selection constraints.","Correspondence: LJ Burgess TREAD Research/Cardiology Unit, Department of Internal Medicine, Tygerberg Hospital and Stellenbosch University, Parow 7505, South Africa Tel +27 21 931 7825 Fax +27 21 933 3597 Email lesley@treadresearch.com Objectives: To retrospectively analyze feasibility questionnaires to evaluate the number of trials that resulted in patient enrolment and the mean time frame involved. Methods: This study was conducted by TREAD Research, a site-managed organization based in the Western Cape, South Africa, between January 2004 and December 2009. All feasibility questionnaires received by the site over this time period were analyzed. Descriptive statistics were used to analyze the data. Results: A total of 252 feasibility questionnaires were received; 207 were accepted and 45 rejected. An average of 26.8% of trials started out of those feasibilities that were accepted by the site. The average time frame from feasibility acceptance to patient enrolment was 12.9 months (range 2.7–33.5 months). Conclusion: Improving the trial feasibility process would markedly improve a trial site’s ability to plan effectively and efficiently allocate appropriate resources.","The paper identifies several factors influencing clinical trial feasibility and complexity: * Site's clinical trial experience * Facilities * Previous experience with recruiting for a particular therapeutic area * Ability to access the required patient population * Inaccurate protocol synopsis reflecting the final protocol * Undefined target patient population * Pharmaceutical company's budget changes * Drug or trial timeline delays * Novel agent's unexpected/unfavorable clinical performance * Alterations to pharmaceutical company's strategic planning * Delays in regulatory approval processes * CRO's failure to secure a trial","Not addressed in this paper.","* 252 feasibility questionnaires were received over a 6-year period. * 207 questionnaires were accepted and 45 were rejected. * Reasons for rejections: inappropriate therapeutic area (44%), competing studies (31%), pharmaceutical company/CRO delay (13%), and other (12%). * An average of 26.8% of accepted feasibilities resulted in trials starting. * Pharmaceutical companies consistently initiated more trials that resulted in patient enrolment than CROs. * The average time from feasibility acceptance to patient enrolment was 12.9 months (range 2.7–33.5 months).","* A total of 252 feasibility questionnaires were received over a 6-year period. * 207 questionnaires were accepted, and 45 were rejected. * The average percentage of trials started from accepted feasibilities was 26.8%. * Pharmaceutical companies consistently initiated more trials that resulted in patient enrolment compared to CROs. * The average time from feasibility acceptance to first patient enrolment was 12.9 months, ranging from 2.7 to 33.5 months."
"Currently available checklists and tools for the assessment of clinical trial feasibility – a scoping review","https://scispace.com/papers/currently-available-checklists-and-tools-for-the-assessment-6rrzsch7rc2v","2020","Repository","","Speich Benjamin
Briel, Matthias","10.3205/20ebm017","","No","","","","","","","","","","","SciSpace","- **Relevance Score:** 35/100 - **Relevance Tag:** Low Relevance - **Reasoning:** Reviews existing checklists/tools for trial feasibility, offering insight for site‑selection decisions, but does not propose a new complexity framework or detailed complexity metrics.","Background/research question: One out of four clinical trials are not completed as planned, mostly because of poor recruitment. This constitutes a considerable waste of research resources. Tools or checklists that can be used by researchers, funding agencies or research ethics committees to assess[for full text, please go to the a.m. URL]","The paper discusses tools or checklists for assessing clinical trial feasibility, noting that ""one out of four clinical trials are not completed as planned, mostly because of poor recruitment."" However, it does not explicitly list specific complexity dimensions, domains, or categories used for this assessment. Not specified.","Not available in metadata.","Not available in metadata.","* One out of four clinical trials are not completed as planned, primarily due to poor recruitment."
"Leveraging AI, LLMs and master data management to optimize clinical trial site selection","https://scispace.com/papers/leveraging-ai-llms-and-master-data-management-to-optimize-rvbuoua3xplv","2025","Repository","","","10.5281/zenodo.17231871","","No","","","","","","","","","","","SciSpace","- **Relevance Score:** 35/100 - **Relevance Tag:** Low Relevance - **Reasoning:** Uses AI, LLMs, and MDM to automate site selection and feasibility analysis, but does not present a dedicated complexity‑assessment framework or metrics.","Clinical trials present significant bottlenecks in pharmaceutical development, with site selection emerging as a critical determinant of success. This article examines how artificial intelligence (AI), large language models (LLMs), and Master Data Management (MDM) systems can be integrated to transform the site selection process. Traditional site selection relies heavily on manual processes, siloed data systems, and subjective decision-making, resulting in suboptimal outcomes and delays. By leveraging AI algorithms to evaluate historical performance across multiple dimensions, assess investigator capabilities, align site demographics with trial requirements, and identify potential risks before they manifest, pharmaceutical companies can move beyond experience-based selection toward data-driven decision-making. MDM systems provide the essential foundation by creating unified data repositories, implementing governance protocols, and enabling real-time performance monitoring. The synergistic integration of these technologies delivers substantial benefits including accelerated site identification, enhanced performance forecasting, compressed activation timelines, optimized patient recruitment, improved diversity and inclusion, proactive risk management, and significant cost avoidance. A phased implementation roadmap offers organizations a structured path to realize these benefits while ensuring sustainable value creation.","AI algorithms evaluate historical performance across multiple dimensions, assess investigator capabilities, align site demographics with trial requirements, and identify potential risks.","The article states that AI algorithms evaluate historical performance across multiple dimensions and assess investigator capabilities to move beyond experience-based selection toward data-driven decision-making. These algorithms identify potential risks before they manifest. However, the specific scoring or rating methods (e.g., numeric scale, weighted scoring, categorical levels) and explicit decision thresholds or classification schemes (e.g., go/no-go, fit/unfit) are not specified in the metadata.","* Accelerated site identification * Enhanced performance forecasting * Compressed activation timelines * Optimized patient recruitment * Improved diversity and inclusion * Proactive risk management * Significant cost avoidance","* AI, LLMs, and MDM can transform clinical trial site selection. * Integration delivers accelerated site identification, enhanced performance forecasting, and compressed activation timelines. * It also optimizes patient recruitment, improves diversity and inclusion, and enables proactive risk management. * Significant cost avoidance is a benefit. * A phased implementation roadmap offers a structured path to realize these benefits."
"Appendix_S2 - Statistical Methods for Clinical Study Site Selection","https://scispace.com/papers/appendix-s2-statistical-methods-for-clinical-study-site-qjkl2z6kt429","2019","Repository","","Xu, Jianjin
Huang Lan
Yao Zhihao
Xu Zhiheng
Tiwari, Ram","10.25384/sage.7722920.v1","","No","","","","","","","","","","","SciSpace","- **Relevance Score:** 35/100 - **Relevance Tag:** Low Relevance - **Reasoning:** Uses statistical methods to guide site‑selection feasibility; does not present a dedicated complexity‑assessment framework or detailed complexity metrics.","Appendix_S2 for Statistical Methods for Clinical Study Site Selection by Jianjin Xu, Lan Huang, Zhihao Yao, Zhiheng Xu, Jyoti Zalkikar, and Ram Tiwari in Therapeutic Innovation &amp; Regulatory Science","Not available in metadata.","Not available in metadata.","Not available in metadata.","Not available in metadata."
"Solving clinical trial delays: innovative solutions","https://scispace.com/papers/solving-clinical-trial-delays-innovative-solutions-imcnmeu7tj","2015","Journal Article","Clinical investigation","Kavita Singh
M Abdul Salam
Raji Devarajan
Dorairaj Prabhakaran","10.4155/CLI.15.41","https://scispace.com/pdf/solving-clinical-trial-delays-innovative-solutions-imcnmeu7tj.pdf","No","","","","","","","","","","","SciSpace Full Text","- **Relevance Score:** 35/100 - **Relevance Tag:** Low Relevance - **Reasoning:** Uses detailed site‑selection criteria and checklist to improve feasibility decisions, but lacks a formal complexity‑assessment framework or explicit complexity metrics.","Our objective was to provide broad perspective on causes and consequences of clinical trial delays and suggest process-oriented and technology-enabled pragmatic solutions to minimize trial delays, in particular context of doing trials in India. The main challenges for successful completion of clinical trials stem from regulatory and ethics review, investigator selection, site initiations, participant recruitment and retention, monitoring and data management issues. Careful planning, sorting out ownership issues in the initial steps and a partnership based on shared issues among all the stakeholders will help reduce the trial delays. Such a shared vision will enable adherence to regulatory requirements, enhance the quality of trial conduct and ultimately enable improved access to new treatments and its benefits to the Indian population.","The paper identifies several challenges contributing to clinical trial delays, which can be interpreted as complexity dimensions: * **Ethics and regulatory review:** Described as cumbersome and time-consuming. * **Investigator selection:** Guided by prior experience, qualifications, patient pool access, and site resources. * **Site initiations:** Involving numerous interdependent activities and stakeholders. * **Participant recruitment and retention:** Influenced by patient concerns, study demands, and cultural beliefs. * **Monitoring and data management:** Involving processes like CRF design, data entry, validation, and discrepancy management.","Not addressed in this paper.","Not addressed in this paper.","- Of majority clinical trials being conducted in the last decade, only a few have been completed on time and results published or disseminated for wider use. - Challenges for successful completion of trials range from obtaining ethics and regulatory review, investigator site selection, participant recruitment and retention, to data monitoring and data management. - Careful planning in advance and use of a checklist for regulatory and ethics submissions steered by an expert regulatory analyst avoids bumpy road ahead. - Creating online portals to deliver information to the site investigators, and to manage ethics and regulatory submissions, should streamline clinical data collection and clinical trial processes. - Central statistical monitoring has been found to be an efficient and cost-effective option, when compared with on-site monitoring, for tracking data errors and resolution. - Care should be taken to ensure that in preventing trial delays and shortening the recruitment cycle, participant safety measures are not compromised in the clinical trial process."
"Conducting Feasibilities in Clinical Trials: An Investment to Ensure a Good Study","https://scispace.com/papers/conducting-feasibilities-in-clinical-trials-an-investment-to-2g88ivpd8o","2010","Journal Article","Perspectives in Clinical Research","Viraj Rajadhyaksha","","","Yes","72","","","","","","","","","","SciSpace","- **Relevance Score:** 30/100 - **Relevance Tag:** Low Relevance - **Reasoning:** Provides practical guidance on feasibility studies and site placement decisions, but lacks an explicit complexity‑assessment framework or metrics.","Conducting clinical trial feasibility is one of the first steps in clinical trial conduct. This process includes assessing internal and environmental capacity, alignment of the clinical trial in terms of study design, dose of investigational product, comparator, patient type, with the local environment and assessing potential of conducting clinical trial in a specific country. A robust feasibility also ensures a realistic assessment and capability to conduct the clinical trial. For local affiliates of pharmaceutical organizations, and contract research organizations, this is a precursor to study placement and influences the decision of study placement. This article provides details on different types of feasibilities, information which is to be included and relevance of each. The article also aims to provide practical hands-on suggestions to make feasibilities more realistic and informative.","The feasibility process includes assessing internal and environmental capacity, alignment of the clinical trial in terms of study design, dose of investigational product, comparator, patient type, and local environment. It also assesses the potential of conducting the clinical trial in a specific country. A robust feasibility ensures a realistic assessment and capability to conduct the trial.","Not specified. The article details different types of feasibilities, information to be included, and their relevance, along with practical suggestions for making them realistic and informative. However, it does not specify how complexity is scored or rated (e.g., numeric scale, weighted scoring, categorical levels) or how scores inform go/no-go or feasibility decisions, nor does it mention any decision thresholds, cutoffs, or classification schemes.","* Different types of feasibilities are provided. * Information to be included in feasibilities and its relevance are detailed. * Practical hands-on suggestions are offered to make feasibilities more realistic and informative.","* Different types of feasibilities are provided. * Information to be included in feasibilities and its relevance are detailed. * Practical hands-on suggestions are offered to make feasibilities more realistic and informative."
"Efficiency and effectiveness evaluation of an automated multi-country patient count cohort system","https://scispace.com/papers/efficiency-and-effectiveness-evaluation-of-an-automated-5658a17kcx","2015","Journal Article","BMC Medical Research Methodology","Iñaki Soto-Rey
Benjamin Trinczek
Yannick Girardeau
Eric Zapletal
Nadir Ammour
Justin Doods
Martin Dugas
Fleur Fritz","10.1186/S12874-015-0035-9","https://scispace.com/pdf/efficiency-and-effectiveness-evaluation-of-an-automated-5658a17kcx.pdf","Yes","","","","","","","","","","","SciSpace Full Text","- **Relevance Score:** 30/100 - **Relevance Tag:** Low Relevance - **Reasoning:** Uses automated multi‑country patient counts to streamline feasibility studies and inform site‑selection decisions, but does not propose a dedicated complexity‑assessment framework or discuss complexity metrics.","With the increase of clinical trial costs during the last decades, the design of feasibility studies has become an essential process to reduce avoidable and costly protocol amendments. This design includes timelines, targeted sites and budget, together with a list of eligibility criteria that potential participants need to match. The present work was designed to assess the value of obtaining potential study participant counts using an automated patient count cohort system for large multi-country and multi-site trials: the Electronic Health Records for Clinical Research (EHR4CR) system. The evaluation focuses on the accuracy of the patient counts and the time invested to obtain these using the EHR4CR platform compared to the current questionnaire based process. This evaluation will assess the patient counts from ten clinical trials at two different sites. In order to assess the accuracy of the results, the numbers obtained following the two processes need to be compared to a baseline number, the “alloyed” gold standard, which was produced by a manual check of patient records. The patient counts obtained using the EHR4CR system were in three evaluated trials more accurate than the ones obtained following the current process whereas in six other trials the current process counts were more accurate. In two of the trials both of the processes had counts within the gold standard’s confidence interval. In terms of efficiency the EHR4CR protocol feasibility system proved to save approximately seven calendar days in the process of obtaining patient counts compared to the current manual process. At the current stage, electronic health record data sources need to be enhanced with better structured data so that these can be re-used for research purposes. With this kind of data, systems such as the EHR4CR are able to provide accurate objective patient counts in a more efficient way than the current methods. Additional research using both structured and unstructured data search technology is needed to assess the value of unstructured data and to compare the amount of efforts needed for data preparation.","The paper identifies complexity dimensions related to clinical trial feasibility studies, including: * **Timelines** * **Targeted sites** * **Budget** * **Eligibility criteria (EC)** * **Technological and human resources** * **Cohort definition by criteria** * **Patient counts**","The paper discusses the complexity and cost of carrying out Clinical Trials (CTs) but does not specify a scoring or rating system for complexity (e.g., numeric scale, weighted scoring, categorical levels, or threshold cutoffs). It mentions that protocol feasibility studies estimate parameters like timelines, targets, and costs, which inform decisions. The EHR4CR system aims to provide accurate patient counts to improve feasibility, but no explicit scoring or go/no-go decision thresholds based on complexity are detailed. Not specified.","* **Effectiveness:** * The patient counts from the EHR4CR system were more accurate than the current manual process in three out of the thirteen evaluated trials, while the current process was more accurate in six other trials. * In two trials, both processes had counts within the gold standard's confidence interval. * The accuracy of the EHR4CR PF system depends on the quality of structured data in the Clinical Data Warehouses (CDWs). * The EHR4CR PF system's values were within the confidence interval in three cases, with clinician estimations also within the interval in two of these cases. * In ten other cases, EHR4CR PF system values were below the lower bound of the gold standard. * **Efficiency:** * The EHR4CR protocol feasibility system saved approximately seven calendar days in obtaining patient counts compared to the current manual process. * Creating, executing, and visualizing a query using EHR4CR PF took between 5 and 25 minutes. * Receiving responses from clinicians via questionnaire took 7 calendar days if sent by an EFPIA representative, and between 30 and 90 days if approached directly by the site. * **100-patient records test:** * An in-depth analysis at UKM revealed that 23 out of 34 eligible patients (originally identified as 11) for the NCT01018173-Roche study were found by the EHR4CR PF system after loading all relevant patient data into the CDW. * The remaining eleven mismatches were due to data being stored as free text in clinical letters.","* The EHR4CR system's patient counts were more accurate than the current process in three out of ten evaluated trials. * The current process counts were more accurate in six other trials. * In two trials, both processes had counts within the gold standard's confidence interval. * The EHR4CR protocol feasibility system saved approximately seven calendar days in obtaining patient counts compared to the current manual process. * The accuracy of the EHR4CR PF system depends on the quality of data in the Clinical Data Warehouses (CDWs), requiring well-documented and structured data for high accuracy. * The use of free text as unstructured data was the primary reason for mismatches between the EHR4CR PF system and the ""alloyed"" gold standard. * Some data elements causing mismatches were not part of tests followed at the evaluated sites or were not electronically documented. * The EHR4CR PF system demonstrated flexibility, allowing easy modification of eligibility criteria and re-running queries, saving significant time compared to the manual process."
"Disease-specific clinical trials networks: the example of cystic fibrosis","https://scispace.com/papers/disease-specific-clinical-trials-networks-the-example-of-4q6lijh8r1","2016","Journal Article","European Journal of Pediatrics","Kris De Boeck
Veerle Bulteel
Isabelle Fajac","10.1007/S00431-016-2712-Z","https://scispace.com/pdf/disease-specific-clinical-trials-networks-the-example-of-4q6lijh8r1.pdf","Yes","","","","","","","","","","","SciSpace Full Text","- **Relevance Score:** 30/100 - **Relevance Tag:** Low Relevance - **Reasoning:** Describes how to start a disease‑specific trial network, sets site‑ranking criteria, and evaluates feasibility; does not present a formal complexity‑assessment framework or metrics.","This article describes the steps of the development and the structure of a disease-specific clinical trials network for cystic fibrosis in Europe. Activities such as reviewing study protocols, feasibility assessments, training and standardizing of procedures, and outcome measurements help to bring high-quality clinical trials to the patients. Cooperation with the pharmaceutical industry, other research networks, patient organizations, and regulatory agencies is very important throughout all activities.","The ECFS-CTN assesses protocols for scientific merit, feasibility, study design, and strategic fit. Feasibility assessment includes patient potential, adherence to ECFS standards of care, clinical trial experience, available staff and infrastructure, know-how on specific measurement techniques, detailed CF patient database, willingness to reserve patient population, and institutional support. Regulatory requirements and administrative burden are also noted as complexity factors.","The protocol review committee members score protocols for scientific merit, feasibility, study design, and strategic fit. A summary report is written by the primary reviewer. After this review, the executive committee votes on the acceptance of the protocol to be run within the network. The paper does not specify a numeric scale, weighted scoring, categorical levels, or specific thresholds for these scores, nor does it detail how complexity is explicitly rated.","* The ECFS-CTN quickly became successful and popular, expanding to 34 sites in 15 countries, grouping 17,500 patients. * It achieved operational and productive status in a short time, leveraging expertise from the CFF-TDN. * The network fostered enthusiasm, rotated responsibilities among investigators, and initiated new activities with partners. * Participants noted improved expertise and experience in clinical trials, striving for optimal quality delivery. * The network provides specific expertise and advice to companies conducting CF clinical trials, ensuring high quality via experienced sites. * Clinical trials conducted via ECFS-CTN are reviewed and meet certain standards. * The network helps identify and resolve issues during trial startup and conduct. * It has standardized outcome measures and achieved fast recruitment for CF studies, especially for CFTR modulators.","* Clinical research has led to the first approved treatments targeting the basic Cystic Fibrosis defect. * Multicenter international collaboration is essential for rare diseases like Cystic Fibrosis to obtain solid evidence for new treatments. * The Clinical Trials Network (CTN) established by the European Cystic Fibrosis Society (ECFS) has become a fully operational network with defined structures, procedures, and partnerships. * Standardization of outcome parameters, protocol review, feasibility assessment, and other activities help develop high-quality, efficient, relevant, and feasible clinical trials aimed at bringing new treatments to patients. * The ECFS-CTN facilitates the development of new treatments for a rare disease and can serve as a prototype for other diseases."
"“Being Human”: A Grounded Theory of Complexity and Serendipity in Cancer Clinical Trials","https://repository.lincoln.ac.uk/ndownloader/files/42972070","2023","Repository","","HM Jones","10.24385/lincoln.24326878","https://repository.lincoln.ac.uk/ndownloader/files/42972070","No","","zNhkMLR9GA0J","","","","","","","","","SciSpace","- **Relevance Score:** 30/100 - **Relevance Tag:** Low Relevance - **Reasoning:** Uses grounded theory to explore operational challenges in UK cancer trials, but does not offer a formal complexity‑assessment framework or direct feasibility/site‑selection tools.","AbstractBackgroundCancer presents a complex and intractable disease resulting in millions of deaths worldwide each year. As a metastatic disease bearing metamorphic characteristics, cancer’s emergent properties continue to challenge science, medicine, and society. Cancer research is a specialist field crucial to the advancement of patient treatment and care, yet it faces growing challenges due to the complex nature of an evolving disease, stratified treatments, and intensive trial protocols, compounded by increasing global disease burdens. Human ingenuity and resiliency are central to overcoming the greatest challenges facing contemporary populations, achieved through research innovation and knowledge exchange across ranging disciplines. Improving population health and patient-centred outcomes stands at the fore of global challenges facing society in the twenty first century, requiring novel and dynamic responses to increasing chronic disease burdens and exposure risks to emergent viral pathogens. AimsThe aim of this thesis was to understand the nature of cancer clinical trial operational delivery, evaluating challenges and burdens of professionals and patients participating in cancer research studies. The nature of multi-agency working and transdisciplinarity across health sciences is as complex as the biological and societal challenges that their research seeks to address. Establishing sustainable, cohesive, and collaborative relationships across the medical continuum is pivotal to solving persistent challenges of complex diseases and societal burdens. The study sought to develop a contextualised grounded theory elucidating situated challenges and complexity experienced at NHS sites in the UK. The purpose of the grounded theory would be to support the development of enhanced, person-centred models of clinical research operational delivery, which could respond to emergent and dynamically adaptive healthcare and epidemiological population needs. MethodsEvaluating Follow-up and Complexity in cancer Clinical Trials (EFACCT), the study presented in this thesis, was conducted at ranging NHS secondary care sites in England and Scotland. Drawing on constructivist grounded theory (Charmaz, 2006), the multi-faceted realities of cancer clinical trial delivery are unveiled, using a mixed methods–grounded theory (MM-GT) design. The comprehensive, contextual evaluation combines evidence from quantitative and qualitative paradigms, using inductive and deductive methods. The study drew together multifaceted perspectives and values of 165 participants from six studies; Delphi, questionnaire, and interview studies, separated into patient and professional cohorts. ResultsThe research provides original insights into the nature of cancer research delivery, its challenges and complexities, highlighting the importance of coherency in healthcare systems. The Constructivist Grounded Theory presented in this thesis, provides an organising framework and practical model for managing and embracing transformative learning and practice in response to dynamically evolving challenges that exist within complex healthcare delivery systems and networks. The original data generated provides new knowledge on the human aspects of clinical research and the contexts for its practice. The situated experiences led to the development of a grounded theory of human perceptions of complexity and serendipity in clinical research and the conception of a Prismatic Coherence Model (PCM) for the evaluation and designing of patient care and follow-up and the effective operational management of complex relationships, practices and processes existing within adaptive clinical research and healthcare delivery systems. PCM is an inclusive and responsive strategic design approach, sensitive to variable contexts and system complexities, and promotes transdisciplinarity in order to advance opportunities, knowledge and resources to advance population health through clinical research.","The study evaluated challenges and burdens of professionals and patients, focusing on the nature of cancer clinical trial operational delivery. It highlighted the importance of coherency in healthcare systems and the complex relationships, practices, and processes within adaptive clinical research and healthcare delivery systems. The Prismatic Coherence Model (PCM) was conceived for evaluating and designing patient care, follow-up, and operational management.","Not specified. The metadata describes cancer as a complex disease and discusses the complexity of clinical trial operational delivery and healthcare systems. It mentions a Constructivist Grounded Theory and a Prismatic Coherence Model for managing and evaluating complexity, but does not detail specific scoring methods, rating scales, decision thresholds, or classification schemes for complexity.","- Provides original insights into the nature of cancer research delivery, its challenges, and complexities. - Highlights the importance of coherency in healthcare systems. - Presents a Constructivist Grounded Theory as an organizing framework and practical model for managing transformative learning and practice. - The theory responds to dynamically evolving challenges in complex healthcare delivery systems and networks. - Generates new knowledge on the human aspects of clinical research and its practice contexts. - Developed a grounded theory of human perceptions of complexity and serendipity in clinical research. - Conceived a Prismatic Coherence Model (PCM) for evaluating and designing patient care and follow-up. - PCM also supports effective operational management of complex relationships, practices, and processes in adaptive clinical research and healthcare delivery systems. - PCM is an inclusive, responsive strategic design approach sensitive to variable contexts and system complexities. - PCM promotes transdisciplinarity to advance opportunities, knowledge, and resources for population health through clinical research.","* The research provides original insights into the nature of cancer research delivery, its challenges, and complexities. * It highlights the importance of coherency in healthcare systems. * A Constructivist Grounded Theory is presented, offering an organizing framework and practical model for managing transformative learning and practice in response to evolving challenges in complex healthcare delivery systems. * New knowledge on the human aspects of clinical research and its practice contexts was generated. * A grounded theory of human perceptions of complexity and serendipity in clinical research was developed. * The conception of a Prismatic Coherence Model (PCM) for evaluating and designing patient care, follow-up, and operational management of complex relationships, practices, and processes within adaptive clinical research and healthcare delivery systems was achieved. * PCM is described as an inclusive, responsive strategic design approach sensitive to variable contexts and system complexities, promoting transdisciplinarity to advance population health through clinical research."
"Scoping review and characteristics of publicly available checklists for assessing clinical trial feasibility","https://scispace.com/papers/scoping-review-and-characteristics-of-publicly-available-1ly7xfdb","2022","Journal Article","BMC Medical Research Methodology","Viktoria Gloy
Benjamin Speich
Alexandra Griessbach
Ala Taji Heravi
Alexandra Schulz
Thomas Fabbro
Christiane Pauli Magnus
Stuart McLennan
Wendy Bertram
Matthias Briel","10.1186/s12874-022-01617-6","https://scispace.com/pdf/scoping-review-and-characteristics-of-publicly-available-1ly7xfdb.pdf","Yes","","","","","","","","","","","SciSpace Full Text","- **Relevance Score:** 25/100 - **Relevance Tag:** Low Relevance - **Reasoning:** Reviews publicly available feasibility checklists; does not propose a complexity framework, mentions complexity factors loosely, and provides tools directly usable for feasibility and site‑selection decisions.","Whether there is sufficient capacity and capability for the successful conduct and delivery of a clinical trial should be assessed by several stakeholders according to transparent and evidence-based criteria during trial planning. For this openly shared, user-tested, and validated tools are necessary. Therefore, we systematically examined the public availability and content of checklists which assess the study-level feasibility in the planning phase of clinical trials.In our scoping review we systematically searched Medline, EMBASE, and Google (last search, June 2021). We included all publicly available checklists or tools that assessed study level feasibility of clinical trials, examined their content, and checked whether they were user-tested or validated in any form. Data was analysed and synthesised using conventional content analysis.A total of 10 publicly available checklists from five countries were identified. The checklists included 48 distinct items that were classified according to the following seven different domains of clinical trial feasibility: regulation, review and oversight; participant recruitment; space, material and equipment; financial resources; trial team resources; trial management; and pilot or feasibility studies. None of the available checklists appeared to be user-tested or validated.Although a number of publicly available checklists to assess the feasibility of clinical trials exist, their reliability and usefulness remain unclear. Openly shared, user-tested, and validated feasibility assessment tools for a better planning of clinical trials are lacking.","The paper identified seven distinct domains for assessing clinical trial feasibility: * Regulation, review and oversight * Participant recruitment * Space, material and equipment * Financial resources * Trial team resources * Trial management * Pilot or feasibility studies","Not specified. None of the identified checklists provided information on how to interpret the results of the assessment or how to fill out the checklist. The paper states that the underlying evidence-base for the development of the checklists was missing, and none appeared user-tested or validated. Therefore, details on scoring, decision thresholds, or classification schemes for go/no-go decisions are not addressed.","* **Selection of sources:** The literature search identified 6221 references, with one included in the final analysis, and the internet search identified 35 potential checklists, with nine included. In total, 10 publicly available checklists for assessing clinical trial feasibility were identified. * **Characteristics of included checklists:** Of the 10 checklists, 5 were issued by universities, 3 by health care facilities, and 2 by national research organizations, originating from 5 different countries. Nine were in English, one in German. Intended users varied, including funders, investigators, health care facilities, and department chairs. * Only four checklists indicated the information required for assessment (trial protocol, informed consent form, other facility specific forms, or grant proposal). * None of the available checklists appeared to be user-tested or validated, nor did they provide instructions on how to fill them out or interpret results, and the underlying evidence-base for their development was missing. * **Feasibility assessment items:** A total of 48 distinct items related to clinical trial feasibility were identified and categorized into 7 domains: regulation, review and oversight; participant recruitment; space, material and equipment; financial resources; trial team resources; trial management; and pilot or feasibility studies. * The number of distinct items ranged from 7 to 28, with a median of 21 items. * The domain with the highest number of distinct items was participant recruitment (14 items), followed by trial team resources (11 items). * The most frequently mentioned items (by 8/10 checklists) were ""The target population is available,"" ""Access to professional support and required facilities is available,"" and ""Equipment is appropriate and sufficient."" * Other frequent items (mentioned by 7/10 checklists) included ""The clinical trial is compliant with local regulations,"" ""Competing trials are known,"" ""Study drug and comparator are available,"" and ""Adequate staffing is identified and available within the trial period.""","* 10 publicly available checklists from 5 countries were identified. * Checklists contained 48 distinct items, categorized into 7 domains. * None of the available checklists were user-tested or validated. * Most frequently mentioned items included ""The target population is available"" and ""Access to professional support""."
"Embracing innovation: A patient advocacy perspective on evolving trial designs","https://scispace.com/papers/embracing-innovation-a-patient-advocacy-perspective-on-51d87gtugagq","2024","Journal Article","Regulatory Affairs Watch","Nicole Gusset","10.54920/scto.2024.rawatch.9.31","https://scispace.com/pdf/embracing-innovation-a-patient-advocacy-perspective-on-51d87gtugagq.pdf","No","","","","","","","","","","","SciSpace Full Text","- **Relevance Score:** 25/100 - **Relevance Tag:** Low Relevance - **Reasoning:** Describes complex trial definitions and regulatory recommendations, but lacks a concrete assessment framework, detailed complexity metrics, or guidance for feasibility and site‑selection decisions.","SMA Schweiz and SMA Europe, two patient advocacy organisations for the rare condition spinal muscular atrophy (SMA), work towards promoting the fastest possible access to safe and effective medicines for all individuals who can benefit from them. Their experience has shown that patient and public involvement at the design stage of clinical research directly impacts a product’s pathway to patients and leads to a better understanding of a product’s value later on. Furthermore, recent discussions about how complex clinical trial designs and decentralised clinical trials use innovative methods to conduct clinical research indicate their potential to make trials more flexible, personalised, and convenient for participants. In addition to helping shift current paradigms, innovative trial designs hold enormous potential to further advance medicines for the good of patient communities, especially in the area of rare diseases.","","","",""
"Clinical Trial Feasibility Study Questionnaire Analysis.","https://scispace.com/papers/clinical-trial-feasibility-study-questionnaire-analysis-5e1ldtcm2w","2015","Journal Article","Studies in health technology and informatics","Iñaki Soto-Rey
Martin Dugas
Fleur Fritz","10.3233/978-1-61499-564-7-1029","","Yes","","","","","","","","","","","SciSpace","- **Relevance Score:** 20/100 - **Relevance Tag:** Low Relevance - **Reasoning:** Analyzes existing feasibility questionnaires and systems, noting trial complexity but without proposing a formal assessment framework; offers insights useful for feasibility and site‑selection processes.","With the growing complexity and cost of clinical trials (CTs) over the past few decades, Protocol Feasibility (PF) studies have become one of the most critical CT steps in order to avoid costly protocol amendments and ensure the success of CTs. The PF process includes interaction with clinicians located at targeted clinical sites, which results in slow and cumbersome process steps. These process steps are normally supported by information systems that allow users to create, share and collect responses to feasibility questionnaires. This investigation analyzes the systems and questionnaires utilized at several clinical research companies for PF. In addition, it provides recommendations that could eventually improve current methods and systems in place.","","","",""
"Redefining Feasibility in Clinical Trials: Collaborative Approaches for Improved Site Selection","https://scispace.com/papers/redefining-feasibility-in-clinical-trials-collaborative-3pmt0oywcv","2023","Preprint","","Amy Krueger
Andrea Bastek","10.2139/ssrn.4605303","","No","","","","","","","","","","","SciSpace","- **Relevance Score:** 20/100 - **Relevance Tag:** Low Relevance - **Reasoning:** Provides actionable best‑practice guides for site feasibility and selection, but lacks a formal complexity‑assessment framework or specific complexity metrics.","Background This task force convened to assess the complex and burdensome process of site feasibility in clinical trials. The objective was to create mutual understanding of challenges and provide suggestions for improving collaboration among sponsors, contract research organizations (CROs), and sites. Methods The task force was composed of representatives from sponsors, CROs and sites (43% Sites, 20% Site Networks, 10% Small/mid-size sponsors, 10% Small/mid-size CROs, 10% Large sponsors, 7% Large CROs). The group collaborated to define the scope of the problem, identify challenges in the current process, and provide suggestions for improving the process. Results The group found there is a need for better differentiation between the three main stages of feasibility, and the four sub-phases of Site Feasibility. The discussion brought to light emerging trends like early initiation of Site Feasibility and premature engagement of sites by CROs. To fully explain these challenges, the group analyzed the current practices and documented their downstream impact on clinical trial execution for all stakeholders. A list of best practices emerged naturally from this analysis. These findings are aggregated into short and actionable best practice guides. Conclusion The task force suggests practical changes for the feasibility process and raises awareness of emerging trends and their associated risks. This awareness can begin to drive change in the site feasibility process, although industry-wide transformation will require new levels of collaboration, data standardization and automation tools. The potential benefits of evolving this process are significant and meaningful for more efficient and successful clinical trials.","","","",""
"Operational complexities in international clinical trials: a systematic review of challenges and proposed solutions","https://scispace.com/papers/operational-complexities-in-international-clinical-trials-a-4qbse9wbq0","2024","Journal Article","BMJ Open","Leher Gumber
Opeyemi Agbeleye
Alex Inskip
Ross Fairbairn
Madeleine Still
Luke Ouma
Jingky Lozano-Kuehne
Michelle Bardgett
John D Isaacs
J. Wason
Dawn Craig
Arthur G Pratt","10.1136/bmjopen-2023-077132","","No","","","","","","","","","","","SciSpace","- **Relevance Score:** 20/100 - **Relevance Tag:** Low Relevance - **Reasoning:** Reviews operational challenges without proposing a formal assessment framework; discusses complexity factors broadly and notes planning/communication needs for feasibility and site selection.","Objective International trials can be challenging to operationalise due to incompatibilities between country-specific policies and infrastructures. The aim of this systematic review was to identify the operational complexities of conducting international trials and identify potential solutions for overcoming them. Design Systematic review. Data sources Medline, Embase and Health Management Information Consortium were searched from 2006 to 30 January 2023. Eligibility criteria All studies reporting operational challenges (eg, site selection, trial management, intervention management, data management) of conducting international trials were included. Data extraction and synthesis Search results were independently screened by at least two reviewers and data were extracted into a proforma. Results 38 studies (35 RCTs, 2 reports and 1 qualitative study) fulfilled the inclusion criteria. The median sample size was 1202 (IQR 332–4056) and median number of sites was 40 (IQR 13–78). 88.6% of studies had an academic sponsor and 80% were funded through government sources. Operational complexities were particularly reported during trial set-up due to lack of harmonisation in regulatory approvals and in relation to sponsorship structure, with associated budgetary impacts. Additional challenges included site selection, staff training, lengthy contract negotiations, site monitoring, communication, trial oversight, recruitment, data management, drug procurement and distribution, pharmacy involvement and biospecimen processing and transport. Conclusions International collaborative trials are valuable in cases where recruitment may be difficult, diversifying participation and applicability. However, multiple operational and regulatory challenges are encountered when implementing a trial in multiple countries. Careful planning and communication between trials units and investigators, with an emphasis on establishing adequately resourced cross-border sponsorship structures and regulatory approvals, may help to overcome these barriers and realise the benefits of the approach. Open science framework registration number osf-registrations-yvtjb-v1.","","","",""
"Key feasibility considerations when conducting vaccine clinical trials in Asia–Pacific countries","https://scispace.com/papers/key-feasibility-considerations-when-conducting-vaccine-4932lbg9yg","2013","Journal Article","","Elvira Zenaida Lansang
Kenneth Paul Tan
Saumya Nayak
Ken J Lee
Karen Wai","10.2147/VDT.S41903","https://scispace.com/pdf/key-feasibility-considerations-when-conducting-vaccine-4932lbg9yg.pdf","Yes","","","","","","","","","","","SciSpace Full Text","- **Relevance Score:** 20/100 - **Relevance Tag:** Low Relevance - **Reasoning:** Uses recruitment forecasts and regulatory risk analysis to guide feasibility and site‑selection decisions; does not present a formal complexity‑assessment framework or detailed complexity metrics.","Correspondence: Elvira Zenaida Lansang Feasibility and Site Identification – Asia, Quintiles East Asia Pte Ltd, 79 Science Park Drive, #06-08, Cintech IV, Science Park One, Singapore 118264 Tel +65 6602 1634 Fax +65 6872 0430 Email elvirazenaida.lansang@quintiles.com Introduction: Conducting clinical trial feasibility is an important first step in initiating a clinical trial. A robust feasibility process ensures that a realistic capability assessment is made before conducting a trial. A retrospective analysis of vaccine clinical trials was performed to understand changes which could affect feasibility recommendations. Methods: Feasibilities conducted by Quintiles between January 2011 and August 2012 were reviewed. Vaccine studies only involving Asia–Pacific countries were selected, and common study parameters were identified. Information from Quintiles’ database was retrieved to examine changes in parameters over time. Results: A total of six vaccine studies were identified within the 1.7-year period. Two studies were excluded because they did not contain feasibility information or had involved sites that were sponsor selected. Four studies were analyzed. Three cases required healthy volunteers, while one case involved a specific patient population. Age requirement and seasonality of disease mainly influenced recommendations for Study 1. Sponsor’s marketing strategy influenced the recommendations for Study 2. Study 3 showed the effect of a country’s immunization program and reimbursement of vaccines on a study’s success. In contrast to the other studies, Study 4 demonstrated the impact of eligibility criteria in recruitment recommendations for a vaccine trial requiring specific patient pools. Conclusion: Feasibility recommendations for vaccine trials are largely based on (1) eligibility criteria; (2) cultural beliefs; (3) country’s past recruitment performance; (4) use of advertising; (5) site’s access to subject populations; (6) cooperation with local health professionals and government; (7) sponsor’s marketing strategies; (8) study design concordance with national immunization programs; (9) reimbursement of vaccines; (10) overall benefit of the vaccine to the population; and where applicable, (11) seasonality of the disease under study.","","","",""
"Feasibility of decentralised, task-shifted hepatitis C testing and treatment services in urban Myanmar: implications for scale-up","https://bmjopen.bmj.com/content/12/5/e059639.abstract","2022","Journal Article","BMJ Open","Bridget Draper
Win Lei Yee
Sonjelle Shilton
Anna L Bowring
Hla Hla Htay
Nwe Htin Nwe
Jessica L Markby
Khin Pyone Kyi
Philippa Easterbrook
Win Pa Pa Naing
Thin Mar Win
Khin Sanda Aung
Jessica Howell
Alisa Pedrana
Margaret Hellard","10.1136/bmjopen-2021-059639","https://bmjopen.bmj.com/content/bmjopen/12/5/e059639.full.pdf","Yes","9","_2FUuU1s7HkJ","","","","","","","","","SciSpace","- **Relevance Score:** 20/100 - **Relevance Tag:** Low Relevance - **Reasoning:** Uses Gericke's Intervention Complexity Framework to describe service implementation, not a trial‑specific complexity model; addresses feasibility of care delivery rather than trial site selection.","Objectives To assess the feasibility considerations for a decentralised, one-stop-shop model of care implemented in Yangon, Myanmar. Setting Two primary care level clinics in urban Yangon, Myanmar. Design This is a feasibility study of a highly effective care model. Using Intervention Complexity Framework by Gericke et al, we collated and analysed programmatic data and evaluation data to outline key project implementation requirements and experiences. Participants Programmatic data were collected from clinical records, GeneXpert device test and maintenance reports, national guidelines, product and device instructions and site monitoring visit reports. Healthcare providers involved in delivering care model contributed interview data. Results The main feasibility considerations are appropriate storage for test kits and treatments (in response to temperature and humidity requirements), installation of a continuous stable electricity supply for the GeneXpert device, air-conditioning for the laboratory room hosting GeneXpert, access to a laboratory for pretreatment assessments and clear referral pathways for specialist consultation when required. Lessons from our project implementation experiences included the extensive time requirements for patient education, the importance of regular error monitoring and stock storage reviews and that flexible appointment scheduling and robust reminder system likely contributed to high retention in care. Conclusions Detailed documentation and dissemination of feasibility requirements and implementation considerations is vital to assist others to successfully implement a similar model of care elsewhere. We provide 10 recommendations for successful implementation. Trial registration number The trial was registered at ClinicalTrials.gov NCT03939013 on May 6, 2019. This manuscript presents post-results data on feasibility.","","","",""
"Systems and methods for profile-integrated clinical trial feasibility assessments","https://scispace.com/papers/systems-and-methods-for-profile-integrated-clinical-trial-2ni7ldpvtp","2015","Patent","","Thiers Fabio Albuquerque
Boettcher Guilherme Bertini","","","No","","","","","","","","","","","SciSpace","- **Relevance Score:** 15/100 - **Relevance Tag:** Low Relevance - **Reasoning:** Uses integrated center profiles to build live feasibility questionnaires, directly supporting site‑selection decisions; does not address trial complexity metrics or a dedicated complexity‑assessment framework.","The invention provides tools for generating online feasibility assessments that may be performed live and in which existing profiles of clinical research centers are integrated into the assessment creation process. Tools of the invention allow a planner to create and save new assessment questionnaires, and then to craft the questions in those assessment tools while also provisionally filtering centers, pre-populating assessment data based on center profiles, or both.","","","",""
"Additional file 1 of Scoping review and characteristics of publicly available checklists for assessing clinical trial feasibility","https://scispace.com/papers/additional-file-1-of-scoping-review-and-characteristics-of-900okwwh60qf","2022","Journal Article","","Speich Benjamin
Briel, Matthias","10.6084/m9.figshare.19802270","","No","","","","","","","","","","","SciSpace","- **Relevance Score:** 15/100 - **Relevance Tag:** Low Relevance - **Reasoning:** Provides a scoping review of checklists; mentions feasibility but lacks a dedicated complexity framework or direct decision‑making guidance for site selection.","Additional file 1.","","","",""
"An evidence-based approach to conducting clinical trial feasibility assessments","https://scispace.com/papers/an-evidence-based-approach-to-conducting-clinical-trial-4epmc6ggiv","2015","Journal Article","Clinical investigation","Otis Johnson","10.4155/CLI.14.139","https://scispace.com/pdf/an-evidence-based-approach-to-conducting-clinical-trial-4epmc6ggiv.pdf","No","","","","","","","","","","","SciSpace Full Text","- **Relevance Score:** 15/100 - **Relevance Tag:** Low Relevance - **Reasoning:** Uses data‑driven feasibility modeling, risk‑flagging, and enrollment distribution analysis to guide site‑selection decisions, but does not present a dedicated complexity‑assessment framework or metrics.","Failure to enroll patients is now one of the leading causes of clinical trial delays – and even of trial failures. By using a data-driven approach to determining trial feasibility, drug sponsors can specify with a high degree of confidence exactly how long it will take to fulfill a study's patient quota. Today, there are rich sources of data that can inform the trial forecast, as well as sophisticated modeling tools to test ‘what if’ scenarios and establish confidence levels for the results. Using these resources, sponsors can accurately forecast enrollment timelines, flag potential risks to the plan and identify variables that can be adjusted to influence the timeline.","","","",""
"Additional file 2 of Scoping review and characteristics of publicly available checklists for assessing clinical trial feasibility","https://scispace.com/papers/additional-file-2-of-scoping-review-and-characteristics-of-32jix9h5qa","2022","Dataset","","Viktoria Gloy
Benjamin Speich
Alexandra Griessbach
Ala Taji Heravi
Alexandra Schulz
Thomas Fabbro
Christiane Pauli Magnus
Stuart McLennan
Wendy Bertram
Matthias Briel","10.6084/m9.figshare.19802273","","No","","","","","","","","","","","SciSpace","- **Relevance Score:** 15/100 - **Relevance Tag:** Low Relevance - **Reasoning:** Provides a scoping review of existing checklists, offering descriptive insight into complexity concepts but no original framework or direct decision‑making guidance.","Additional file 2.","","","",""
"Evaluation of a site selection questionnaire for the recruitment of trial sites into multi-centre trials: experiences from the nottingham clinical trials unit","https://scispace.com/papers/evaluation-of-a-site-selection-questionnaire-for-the-6vkeme6ul2","2013","Journal Article","Trials","Diane Whitham
Lelia Duley","10.1186/1745-6215-14-S1-O30","https://scispace.com/pdf/evaluation-of-a-site-selection-questionnaire-for-the-6vkeme6ul2.pdf","Yes","","","","","","","","","","","SciSpace","- **Relevance Score:** 15/100 - **Relevance Tag:** Low Relevance - **Reasoning:** Uses a questionnaire to evaluate and rank potential sites, directly informing feasibility decisions and site‑selection choices, but does not propose a complexity‑assessment framework or discuss trial complexity metrics.","Background Careful site selection methods and tools such as questionnaires have evolved to become “best” practice in the commercial and non-commercial clinical trials setting. However, there is little evidence in the literature of the value of such methodology on trial delivery and there is no generally acceptable model or tool available for use in site selection. The Nottingham Clinical Trials Unit introduced a site selection questionnaire in 2010, consisting of both generic research related questions and study specific protocol driven requirements for identification of potential sites in four multi-centre trials. Initially questionnaires were sent to Principal Investigators at sites who had expressed an interest in participating in the trials.","","","",""
"Optimising recruitment into trials using an internal pilot","https://scispace.com/papers/optimising-recruitment-into-trials-using-an-internal-pilot-4u18kbya3f","2019","Journal Article","Trials","Wendy Bertram
Wendy Bertram
Andrew Moore
Vikki Wylde
Vikki Wylde
Rachael Gooberman-Hill
Rachael Gooberman-Hill","10.1186/S13063-019-3296-5","https://scispace.com/pdf/optimising-recruitment-into-trials-using-an-internal-pilot-4u18kbya3f.pdf","Yes","","","","","","","","","","","SciSpace Full Text","- **Relevance Score:** 15/100 - **Relevance Tag:** Low Relevance - **Reasoning:** Uses detailed feasibility assessments to identify recruitment barriers and set realistic targets, directly informing site suitability decisions and trial rollout planning.","Recruitment to trials can be difficult. Despite careful planning and research that outlines ways to improve recruitment, many trials do not achieve their target on time and require extensions of funding or time. We describe a trial in which an internal pilot with embedded qualitative research was used to improve recruitment processes and inform recruitment projections for the main trial. At the end of the pilot, it was clear that the sample size would not be met on time. Three steps were taken to optimise recruitment: (1) adjustments were made to the recruitment process using information from the qualitative work done in the pilot and advice from a patient and public involvement group, (2) additional recruiting sites were included based on site feasibility assessments and (3) a projection equation was used to estimate recruitment at each site and overall trial recruitment. Qualitative work during the pilot phase allowed us to develop strategies to optimise recruitment during the main trial, which were incorporated into patient information packs, the standard operating procedures and training sessions with recruiters. From our experience of feasibility assessments, we developed a checklist of recommended considerations for feasibility assessments. For recruitment projections, we developed a four-stage projection equation that estimates the number of participants recruited using a conversion rate of the number randomised divided by the number screened. This work provides recommendations for feasibility assessments and an easy-to-use projection tool, which can be applied to other trials to help ensure they reach the required sample size. ISRCTN, ISRCTN92545361 . Registered on 6 September 2016.","","","",""
"Clinical Trials and Clinical Research: A Comprehensive Review","https://scispace.com/papers/clinical-trials-and-clinical-research-a-comprehensive-review-1nntilv6","2023","Journal Article","Cureus","Venkataramana Kandi
Sabitha Vadakedath","10.7759/cureus.35077","https://scispace.com/pdf/clinical-trials-and-clinical-research-a-comprehensive-review-1nntilv6.pdf","Yes","43","","","","","","","","","","SciSpace Full Text","- **Relevance Score:** 15/100 - **Relevance Tag:** Low Relevance - **Reasoning:** Describes feasibility checks and site‑selection visits but lacks a formal complexity‑assessment framework; mentions complexity only in general ethical and operational context.","Clinical research is an alternative terminology used to describe medical research. Clinical research involves people, and it is generally carried out to evaluate the efficacy of a therapeutic drug, a medical/surgical procedure, or a device as a part of treatment and patient management. Moreover, any research that evaluates the aspects of a disease like the symptoms, risk factors, and pathophysiology, among others may be termed clinical research. However, clinical trials are those studies that assess the potential of a therapeutic drug/device in the management, control, and prevention of disease. In view of the increasing incidences of both communicable and non-communicable diseases, and especially after the effects that Coronavirus Disease-19 (COVID-19) had on public health worldwide, the emphasis on clinical research assumes extremely essential. The knowledge of clinical research will facilitate the discovery of drugs, devices, and vaccines, thereby improving preparedness during public health emergencies. Therefore, in this review, we comprehensively describe the critical elements of clinical research that include clinical trial phases, types, and designs of clinical trials, operations of trial, audit, and management, and ethical concerns.","","","",""
"Methodology and Protocol Development","https://link.springer.com/chapter/10.1007/978-3-031-62877-1_4","2024","Journal Article","","Ang Yang
Isaac R. Rodriguez‐Chavez","10.1007/978-3-031-62877-1_4","","No","","k3aPzOZe8H4J","","","","","","","","","Google Scholar","- **Relevance Score:** 15/100 - **Relevance Tag:** Low Relevance - **Reasoning:** Discusses protocol sections and operational feasibility, but lacks a dedicated complexity‑assessment framework; mentions feasibility considerations useful for site‑selection decisions.","","","","",""
"Assessment of nursing workload and complexity associated with oncology clinical trials: a scoping review","https://www.sciencedirect.com/science/article/pii/S0749208124001839","2024","Journal Article","Seminars in Oncology Nursing","Mattia Bozzetti
Silvia Soncini
M. C. Bassi
M. Guberti","10.1016/j.soncn.2024.151711","","No","13","Z-Io8CSzM5gJ","","","","","","","","","Google Scholar","- **Relevance Score:** 15/100 - **Relevance Tag:** Low Relevance - **Reasoning:** Reviews nursing workload and trial complexity but lacks a decision‑making framework; discusses complexity factors without linking to site‑selection feasibility.","","","","",""
"Optimizing clinical site selection","https://scispace.com/papers/optimizing-clinical-site-selection-1kdrcaohbg","1996","Journal Article","Drug Information Journal","Lynne V. McFarland","10.1177/009286159603000323","","No","","","","","","","","","","","SciSpace","- **Relevance Score:** 15/100 - **Relevance Tag:** Low Relevance - **Reasoning:** Provides practical guidelines and resources for evaluating and selecting clinical trial sites, comparing experienced vs novice investigators, but lacks a formal complexity‑assessment framework.","The choice of sites for planned clinical trials is a decision which often involves the greatest degree of uncertainty. The purpose of this paper is to present guidelines and available resources to aid in the evaluation of sites before a study is initiated, while the study is ongoing, and after a study is completed. The types of sites, components, and strategies for investigational techniques are explored. The advantages of using experienced versus novice investigators are compared using data from a multisite clinical trial.","","","",""
"A framework for assessing clinical trial site readiness","https://scispace.com/papers/a-framework-for-assessing-clinical-trial-site-readiness-356vc4c6","2023","Journal Article","Journal of clinical and translational science","John B. Buse
Christopher P. Austin
S. Claiborne Johnston
Freda Lewis-Hall
Andrew N. March
Carolyn K Shore
Pamela Tenaerts
Joni L. Rutter","10.1017/cts.2023.541","https://scispace.com/pdf/a-framework-for-assessing-clinical-trial-site-readiness-356vc4c6.pdf","Yes","","","","","","","","","","","SciSpace Full Text","- **Relevance Score:** 10/100 - **Relevance Tag:** Low Relevance - **Reasoning:** Uses site‑readiness framework to improve site accreditation and transparency, aiding feasibility and site‑selection decisions, but does not assess trial complexity.","Abstract Clinical trial processes are unnecessarily inefficient and costly, slowing the translation of medical discoveries into treatments for people living with disease. To reduce redundancies and inefficiencies, a group of clinical trial experts developed a framework for clinical trial site readiness based on existing trial site qualifications from sponsors. The site readiness practices are encompassed within six domains: research team, infrastructure, study management, data collection and management, quality oversight, and ethics and safety. Implementation of this framework for clinical trial sites would reduce inefficiencies in trial conduct and help prepare new sites to enter the clinical trials enterprise, with the potential to improve the reach of clinical trials to underserved communities. Moreover, the framework holds benefits for trial sponsors, contract research organizations, trade associations, trial participants, and the public. For novice sites considering future trials, we provide a framework for site preparation and the engagement of stakeholders. For experienced sites, the framework can be used to assess current practices and inform and engage sponsors, staff, and participants. Details in the supplementary materials provide easy access to key regulatory documents and resources. Invited perspective articles provide greater depth from a systems, DEIA (diversity, equity, inclusion, and accessibility) and decentralized trials perspective.","","","",""
"Centralized management of clinical trial feasibility requests: a single center database analysis from 2008 to 2015","https://scispace.com/papers/centralized-management-of-clinical-trial-feasibility-d4g2jyfp35","2016","Journal Article","Clinical investigation","Dorothee Arenz
Timo Siepmann
Oliver A. Cornely","","https://scispace.com/pdf/centralized-management-of-clinical-trial-feasibility-d4g2jyfp35.pdf","Yes","","","","","","","","","","","SciSpace Full Text","- **Relevance Score:** 10/100 - **Relevance Tag:** Low Relevance - **Reasoning:** Describes a single‑center database for handling feasibility requests, showing trends and workflow issues, but lacks a formal complexity framework or metrics; only loosely informs feasibility decision‑making.","Title: Centralized management of clinical trial feasibility requests: a single center database analysis from 2008 to 2015. Background: Evaluation of new investigational therapies requires collaborative approaches, which include industry sponsors, contract research organizations (CROs), academic research groups as well as hospital-based clinical trial units (CTUs). However, interfaces between stakeholders in clinical research are usually not standardized and lack efficiency. Research institutions are currently building up structures for mutual identification of suitable partners in the execution of clinical trials. Methods and findings: The Clinical Trials Centre Cologne (CTCC) is a core facility of the University Hospital of Cologne (UHC) interacting with patient-near departmental CTUs, which participate in clinical trials. The CTCC set up a workflow for centralized management of clinical study feasibility requests. We collected and analyzed feasibility data from 2008 to 2015 to evaluate the concept. The CTCC received 938 requests from 83 institutions. Duration of processing of requests was a median six days (0-148). CTCC forwarded requests to 30 discipline-specific CTUs within the UHC. A super additive number of 1,022 assessments were performed due to forwarding to multiple potentially interested CTUs. Feasibility assessments resulted in 542 (53.0%) accepted offers, 403 (39.4%) were declined and 77 (7.5%) were not answered. Offers were declined because not enough patients were expected (125, 31.0%), CTUs conducted a competing study (70, 17.4%), study design was not accepted (56, 13.9%), insufficient resources were available (40, 9.9%), trial was not feasible within clinical routine (8, 2.0%), insufficient information about trial was given (2, 0.5%). For 102 (25.3%) declined offers, no reason was given. Conclusions: Our data indicate that centralized feasibility management might be an effective interface in collaborative clinical research. Application to national or international networks may avoid redundant processes and enable successful trial acquisition and site selection.","","","",""
"Fixing the Protocol Feasibility Process","https://scispace.com/papers/fixing-the-protocol-feasibility-process-3pohdtomq3","2012","","","Beth Harper
Nikki Christison","","https://scispace.com/pdf/fixing-the-protocol-feasibility-process-3pohdtomq3.pdf","Yes","","","","","","","","","","","SciSpace Full Text","- **Relevance Score:** 10/100 - **Relevance Tag:** Low Relevance - **Reasoning:** Describes why feasibility assessments fail and lists practical pitfalls, but offers no formal complexity framework, metrics, or decision‑making tools for site selection.","When study sponsors assess the feasibility of a study, there are two parts to the exercise: (a) protocol-level feasibility (analysis of the study design) and (b) site-level feasibility, which is closely linked to the site selection process. Unfortunately, many feasibility assessments are not conducted in a thorough, consistent and systematic manner that accounts for real-world factors and supports process improvement from study to study. This article will discuss: x Common reasons feasibility assessments fail to result in predictable and timely study performance x Differences between protocol- and site-level feasibility","","","",""
"Systematic data ingratiation of clinical trial recruitment locations for geographic-based query and visualization.","https://scispace.com/papers/systematic-data-ingratiation-of-clinical-trial-recruitment-2moifqn876","2017","Journal Article","International Journal of Medical Informatics","Jake Luo
Weiheng Chen
Min Wu
Chunhua Weng","10.1016/J.IJMEDINF.2017.10.003","","Yes","","","","","","","","","","","SciSpace Full Text","- **Relevance Score:** 10/100 - **Relevance Tag:** Low Relevance - **Reasoning:** Uses geographic data integration and interactive maps to support recruitment site planning, but does not propose a trial‑complexity framework or measure complexity factors.","","","","",""
"Measuring What Matters in Trial Operations: Development and Validation of the Clinical Trial Site Performance Measure","https://scispace.com/papers/measuring-what-matters-in-trial-operations-development-and-aaff38qvwlft","2025","Journal Article","Stomatology","Mattia Bozzetti
Alessio Lo Cascio
Daniele Napolitano
Nicoletta Orgiana
Vincenzina Mora
Silvia Fiorini
Giorgia Petrucci
Francesca Resente
Irène Baroni
Rosario Caruso
Monica Guberti","10.3390/jcm14196839","","No","","","","","","","","","","","SciSpace","- **Relevance Score:** 5/100 - **Relevance Tag:** Low Relevance - **Reasoning:** Introduces a site performance metric, not a complexity framework; does not discuss trial complexity; only indirectly aids site monitoring, offering limited feasibility insight.","Background/Objectives: The execution of clinical trials is increasingly constrained by operational complexity, regulatory requirements, and variability in site performance. These challenges have direct implications for the reliability of trial outcomes. However, standardized methods to evaluate site-level performance remain underdeveloped. This study introduces the Clinical Trial Site Performance Measure (CT-SPM), a novel framework designed to systematically capture site-level operational quality and to provide a scalable short form for routine monitoring. Methods: We conducted a multicenter study across six Italian academic hospitals (January–June 2025). Candidate performance indicators were identified through a systematic review and expert consultation, followed by validation and reduction using advanced statistical approaches, including factor modeling, ROC curve analysis, and nonparametric scaling methods. The CT-SPM was assessed for structural validity, discriminative capacity, and feasibility for use in real-world settings. Results: From 126 potential indicators, 18 were retained and organized into four domains: Participant Retention and Consent, Data Completeness and Timeliness, Adverse Event Reporting, and Protocol Compliance. A bifactor model revealed two higher-order dimensions (participant-facing and data-facing performance), highlighting the multidimensional nature of site operations. A short form comprising four items demonstrated good scalability and sufficient accuracy to identify underperforming sites. Conclusions: The CT-SPM represents an innovative, evidence-based instrument for monitoring trial execution at the site level. By linking methodological rigor with real-world applicability, it offers a practical solution for benchmarking, resource allocation, and regulatory compliance. This approach contributes to advancing clinical research by providing a standardized, data-driven method to evaluate and improve performance across networks.","","","",""
"Feasibility Estimation for Clinical Trials","https://scispace.com/papers/feasibility-estimation-for-clinical-trials-ppysa3w5n7","2014","Proceedings Article","Biomedical Engineering Systems and Technologies","Zhisheng Huang
Frank van Harmelen
Annette ten Teije
Andre Dekker","10.5220/0004795500680077","https://scispace.com/pdf/feasibility-estimation-for-clinical-trials-ppysa3w5n7.pdf","Yes","","","","","","","","","","","SciSpace Full Text","- **Relevance Score:** 5/100 - **Relevance Tag:** Low Relevance - **Reasoning:** Uses mathematical model to estimate recruitment rates from eligibility criteria; does not propose a complexity framework, nor link complexity metrics to site‑selection decisions.","At least 90% of trials are extended by at least 6 weeks because investigators fail to enroll patients on schedule (Ledford, 2011). It is therefore important at trial design-time to have good insight in how the choice of the eligibility criteria affects the recruitment rate. Based on that insight, trial designers can then adjust the eligibility criteria in order to ensure realistic recruiting rates. In this paper we propose a simple mathematical model to determine how eligibility criteria determine the recruitment rate. Our model allows us to calculate a newly proposed ”relative” measure for the effect of an eligibility condition on the recruitment rate: instead of estimating the recruitment rate of the total set of conditions, our new relative measure calculates the effect of adding, removing or changing an individual condition in the light of the other conditions. This allows for a much more fine-grained insight into the effect of individual trial-conditions, and into the interactions between the conditions. We have implemented this mathematical model in efficient algorithms, and we demonstrate our model on both real and synthetic patient data. Our experiments show that almost all medical trials in our test corpus contain logically redundant criteria, and that this redundancy can only be revealed with our new relative feasibility measure (and not with the classical absolute feasibility measure). To increase the reproducibility of our results, we have made our datasets available online.","","","",""
"Access to Clinical Trials Closer to Home Using Tele-health","https://scispace.com/papers/access-to-clinical-trials-closer-to-home-using-tele-health-tukkv3z4xo","2017","Book Chapter","","Sabe Sabesan
John Zalcberg","10.5772/INTECHOPEN.70205","https://scispace.com/pdf/access-to-clinical-trials-closer-to-home-using-tele-health-tukkv3z4xo.pdf","Yes","","","","","","","","","","","SciSpace Full Text","- **Relevance Score:** 5/100 - **Relevance Tag:** Low Relevance - **Reasoning:** Describes tele‑trial model for rural access; lacks a formal complexity‑assessment framework or metrics, and only briefly mentions site logistics without systematic feasibility analysis.","The purpose of this chapter is to outline key considerations for increasing access to clini- cal trials for people with cancer living in rural and remote locations, and outline the contribution of tele-health models to facilitate study activity across rural and remote loca- tions. Regional and rural group of the Clinical Oncology Society of Australia (COSA), the peak multidisciplinary cancer clinician body in Australia, has developed the Australasian Teletrial Model in collaboration with its stakeholders to improve rural access to clinical trials. Benefits of this model are not limited to regional, rural and remote systems. This model has the potential to connect larger centres even within the same city and improve the rate of recruitment of highly specialised clinical trials, including rare cancer trials. This model has been developed in consideration of the requirements for the proper conduct of clinical trials ensuring the protection of the rights and safety of trial participants and quality data for the demonstration of safe and efficacious cancer treatments. Ethical and safe conduct of clinical trials using this model requires that the following aspects are considered and addressed by implementation plans.","","","",""
"The How-To of Global Clinical Trial Forecasting, Budgeting, and Project Management","https://scispace.com/papers/the-how-to-of-global-clinical-trial-forecasting-budgeting-362dgzabfd","2012","Book Chapter","","Dong Wei","10.1016/B978-0-12-415787-3.00006-0","","No","","","","","","","","","","","SciSpace","- **Relevance Score:** 0/100 - **Relevance Tag:** Not Relevant - **Reasoning:** Discusses forecasting, budgeting, and project management without addressing trial complexity, metrics, or site‑selection decision processes.","In recent decades, clinical trials have seen rising costs, complexity, and workloads, declining productivity and stagnant volunteer participation. Biopharmaceutical companies are driving efficiency and controlling costs by outsourcing partnerships with contract research organizations and moving clinical trials to developing countries. Forecasting can reduce trial costs and enhance productivity. Forecasting translates the strategic objectives of the trial into operational elements and projects the cost and resources, while aligning the trial design and execution with the overall product development strategy, focusing on globalization strategy, design optimization, technology enablement, and operational efficiency. The budgeting process is built on the forecast model and the final clinical protocol. The final budget consists of both internal resources and external costs. The planning and execution of clinical trials involve stakeholders in different organizations conducting numerous activities across different stages of the trial. Project management involves planning, coordinating, and tracking key tasks, including the timeline, budget, and risk and contingency planning.","","","",""
"Locally Advanced NSCLC Elderly Patients Assessed by Multidimensional Geriatric Assessment and Treated with Concurrent Chemoradiation","https://www.zotero.org/JHodges38104/items/W8M2AALW/library","2015","Journal Article","Journal of Thoracic Oncology","E. Nadal
J. Saldana
J. Linares
R. Palmero
A. Navarro
M. D. Arnaiz
M. Plana
J. Gonzalez
F. Formiga
I. Brao
N. Codorniu
J. Ruffinelli
S. Padrones
V. Navarro
F. Cardenal
M. Antonio","","","No","","","","","","","","","","","Zotero","- **Relevance Score:** 0/100 - **Relevance Tag:** Not Relevant - **Reasoning:** Uses multidimensional geriatric assessment to treat elderly NSCLC patients; does not address trial complexity, feasibility analysis, or site‑selection frameworks.","","","","",""
"","https://scispace.com/papers/","","Journal Article","","","","","No","","","","","","","","","","","PubMed","- **Relevance Score:** 0/100 - **Relevance Tag:** Not Relevant - **Reasoning:** Paper provides no authors, content, or details; lacks any discussion of trial complexity, frameworks, or feasibility decision‑making.","","","","",""
"Applying Business Analytics to Optimize Clinical Research Operations","https://scispace.com/papers/applying-business-analytics-to-optimize-clinical-research-483gxv9ove","2012","","","Dave Handelsman","","https://scispace.com/pdf/applying-business-analytics-to-optimize-clinical-research-483gxv9ove.pdf","Yes","","","","","","","","","","","SciSpace Full Text","- **Relevance Score:** 0/100 - **Relevance Tag:** Not Relevant - **Reasoning:** Uses analytics to forecast drug supply and distribution; does not propose a complexity‑assessment framework, nor address complexity metrics or site‑selection feasibility.","SAS ® is widely accepted as the gold standard for determining safety and efficacy for clinical trials, and it provides the primary mechanism for preparing data for traditional clinical research analysis activities. However, most SAS users in the biopharmaceutical industry are unaware of the broad range of SAS analytics that are widely applied in other industries. This paper discusses and describes how SAS business and advanced analytics can be used to design better trials, forecast patient-based activities, and optimize other operational processes. Applying business and advanced analytics to clinical trial operations represents a new and improved approach to reducing the cost and time associated with managing clinical research projects. As a result, the roles of SAS experts in the biopharmaceutical industry are expanded.","","","",""
"Beyond effectiveness evaluation: Contributing to the discussion on complexity of digital health interventions with examples from cancer care","https://www.frontiersin.org/journals/public-health/articles/10.3389/fpubh.2022.883315/full","2022","Journal Article","Frontiers in Public Health","Filipa Ventura
Maria Brovall
Frida Smith","10.3389/fpubh.2022.883315","https://scispace.com/pdf/beyond-effectiveness-evaluation-contributing-to-the-1qrnth17.pdf","Yes","17","4_25TpffvzsJ","","","","","","","","","SciSpace","- **Relevance Score:** 0/100 - **Relevance Tag:** Not Relevant - **Reasoning:** Discusses complexity of digital health interventions in cancer care, not clinical trial design, feasibility, or site‑selection.","Digital health interventions (DHIs) have become essential complementary solutions in health care to enhance support and communication at a distance, with evidence of improving patient outcomes. Improving clinical outcomes is a major determinant of success in any health intervention, influencing its funding, development, adoption and implementation in real-world practice. In this article we explore our experiences of developing and testing DHIs to identify and discuss complexity challenges along their intervention research lifecycle. Informed by the case study research approach, we selected three individual DHIs aimed at satisfying the supportive and educational needs of people living with cancer. The Care Expert, the Digi-Do and the Gatapp were underpinned on different complexity frameworks i.e., the Medical Research Council framework and the Non-adoption, Abandonment, Scale-up, Spread and Sustainability framework. This variance on the methodological underpinning was expected to prompt a multifaceted discussion on the complexity dimensions endorsed by each of the frameworks. Our discussion endorses the adoption of mixed-methods research designs, to gather the perspectives of stakeholders and end-users, as well as pragmatic evaluation approaches that value effectiveness outcomes as much as process outcomes. Furthermore, the dissemination and sustainability agenda of DHIs needs to be considered from early-stage development with the inclusion of a business model. This business plan should be worked in partnership with healthcare services, regulatory bodies and industry, aiming to assure the management of the DHI throughout time.","","","",""
"Acuity of Patients Undergoing Congenital Heart Surgery During Hospitalization","https://www.ahajournals.org/doi/abs/10.1161/JAHA.125.048547","","","","JA Connor
M Nathan
RR Thiagarajan","","https://www.ahajournals.org/doi/pdf/10.1161/JAHA.125.048547","No","","ZwSYVaa9WDsJ","","","","","","","","","Google Scholar","- **Relevance Score:** 0/100 - **Relevance Tag:** Not Relevant - **Reasoning:** Paper studies patient acuity in congenital heart surgery, unrelated to trial complexity frameworks, metrics, or site‑selection feasibility.","","","","",""
"Deriving effective human activity recognition systems through objective task complexity assessment","https://dl.acm.org/doi/abs/10.1145/3432227","2020","Journal Article","","Shruthi Kashinath Hiremath
Thomas Plötz","10.1145/3432227","https://dl.acm.org/doi/pdf/10.1145/3432227","No","19","Q1szhTakfVYJ","","","","","","","","","SciSpace","- **Relevance Score:** 0/100 - **Relevance Tag:** Not Relevant - **Reasoning:** The paper presents a framework for assessing human activity recognition task complexity, unrelated to clinical trial design, metrics, or site‑selection decisions.","Research in sensor based human activity recognition (HAR) has been a core concern of the mobile and ubiquitous computing community. Sophisticated systems have been developed with the main view on applications of HAR methods in research settings. This work addresses a related yet practically different problem that mainly focuses on users of HAR technology. We acknowledge that practitioners from outside the core HAR research community are motivated to employ HAR methods for practical deployments. Even though standard processing approaches exist, arguably, often times substantial modifications are necessary to derive effective analysis systems. It is not always clear a-priori how challenging a HAR task actually is and what dimensions of an analysis pipeline are crucial for successful automated assessments. In practice this can lead to disappointing results or disproportionate efforts that have to be invested into the optimization of data analysis pipelines, that were supposed to work ""out of the box"". We present a framework for the objective complexity assessment of HAR tasks that directly supports practitioners' decision making of whether and how to employ HAR for their deployments. We map a HAR task onto a vectorial representation that allows us to analyse the inherent challenges of the task and to draw conclusions through similarity analysis with regards to existing tasks. We validate our complexity assessment framework on 23 HAR datasets and derive a data-driven categorization of human activity recognition. We demonstrate how our objective analysis can be used to inform the deployment of HAR systems in practical scenarios.","","","",""
"Clinical trial recruiters' experiences working with trial eligibility criteria: results of an exploratory, cross-sectional, online survey in the UK.","https://scispace.com/papers/clinical-trial-recruiters-experiences-working-with-trial-3rql3fdgoj","2021","Posted Content","Trials","William J. Cragg
Kathryn McMahon
Jamie B. Oughton
Rachel Sigsworth
Christopher Taylor
Vicky Napp","10.1186/S13063-021-05723-6","https://scispace.com/pdf/clinical-trial-recruiters-experiences-working-with-trial-3rql3fdgoj.pdf","Yes","","","","","","","","","","","SciSpace Full Text","- **Relevance Score:** 0/100 - **Relevance Tag:** Not Relevant - **Reasoning:** Examines recruiters' use of eligibility criteria; does not propose a complexity framework, discuss trial complexity metrics, or link to feasibility/site‑selection decisions.","BACKGROUND Eligibility criteria are a fundamental element of clinical trial design, defining who can and who should not participate in a trial. Problems with the design or application of criteria are known to occur and pose risks to participants' safety and trial integrity, sometimes also negatively impacting on trial recruitment and generalisability. We conducted a short, exploratory survey to gather evidence on UK recruiters' experiences interpreting and applying eligibility criteria and their views on how criteria are communicated and developed. METHODS Our survey included topics informed by a wider programme of work at the Clinical Trials Research Unit, University of Leeds, on assuring eligibility criteria quality. Respondents were asked to answer based on all their trial experience, not only on experiences with our trials. The survey was disseminated to recruiters collaborating on trials run at our trials unit, and via other mailing lists and social media. The quantitative responses were descriptively analysed, with inductive analysis of free-text responses to identify themes. RESULTS A total of 823 eligible respondents participated. In total, 79% of respondents reported finding problems with eligibility criteria in some trials, and 9% in most trials. The main themes in the types of problems experienced were criteria clarity (67% of comments), feasibility (34%), and suitability (14%). In total, 27% of those reporting some level of problem said these problems had led to patients being incorrectly included in trials; 40% said they had led to incorrect exclusions. Most respondents (56%) reported accessing eligibility criteria mainly in the trial protocol. Most respondents (74%) supported the idea of recruiter review of eligibility criteria earlier in the protocol development process. CONCLUSIONS Our survey corroborates other evidence about the existence of suboptimal trial eligibility criteria. Problems with clarity were the most often reported, but the number of comments on feasibility and suitability suggest some recruiters feel eligibility criteria and associated assessments can hinder recruitment to trials. Our proposal for more recruiter involvement in protocol development has strong support and some potential benefits, but questions remain about how best to implement this. We invite other trialists to consider our other suggestions for how to assure quality in trial eligibility criteria.","","","",""
"Outcomes and Preferences for Decision-Making for Upper Limb Prosthetic Care: The Patient Journey: A Scoping Literature Review","https://www.sciencedirect.com/science/article/pii/S2590109525000357","2025","Journal Article","Archives of rehabilitation research and clinical translation","Leslie Wilson
Mark Gutin
Timothy Banh
Elizabeth A. Gress
Todd J Castleberry
Siya Asatkar
Peggy Tahir
Michael P. Douglas
Shane R. Wurdeman","10.1016/j.arrct.2025.100460","","No","2","D8AZvnydB2gJ","","","","","","","","","Google Scholar","- **Relevance Score:** 0/100 - **Relevance Tag:** Not Relevant - **Reasoning:** Paper addresses shared decision‑making in upper‑limb prosthetic prescription, not trial complexity or site‑selection, thus unrelated to the specified criteria.","","","","",""
"Criteria for site selection in industry-sponsored clinical trials: a survey among decision-makers in biopharmaceutical companies and clinical research organizations.","https://scispace.com/papers/criteria-for-site-selection-in-industry-sponsored-clinical-2e56yekgg4","2019","Journal Article","Trials","Tilde Dombernowsky
Merete Haedersdal
Ulrik Lassen
Simon Francis Thomsen
Simon Francis Thomsen","10.1186/S13063-019-3790-9","https://scispace.com/pdf/criteria-for-site-selection-in-industry-sponsored-clinical-2e56yekgg4.pdf","Yes","","","","","","","","","","","SciSpace Full Text","- **Relevance Score:** 0/100 - **Relevance Tag:** Not Relevant - **Reasoning:** Uses industry survey to rank site‑related qualities for trial selection, directly informing feasibility and site‑choice decisions, but provides no complexity framework or metrics.","Knowledge of what the pharmaceutical industry emphasizes when assessing trial sites during site selection is sparse. A better understanding of this issue can improve the collaboration on clinical trials and increase knowledge of how to attract and retain industry-sponsored trials. Accordingly, we investigated which site-related qualities multinational biopharmaceutical companies and clinical research organizations (CROs) find most important during site selection. An online survey among decision-makers for trial site selection in the Nordic countries employed at multinational biopharmaceutical companies and CROs was conducted. The respondents’ experiences with and perceptions of site selection were addressed to evaluate the relative importance of site-related qualities. We included up to four respondents per company, representing different geographic regions. Descriptive statistics were used to summarize findings. Of 49 eligible companies, 20 biopharmaceutical companies and 23 CROs participated. In total, 83 responses were analyzed (estimated response rate 78%). A relative importance of site-related qualities was identified: For example, 88% (binomial 95% confidence interval [CI] ±7%) preferred reaching enrollment goals at trial sites in their region 10% quicker rather than cutting the costs at all sites by 20%. Likewise, 42% (CI ±11%) of the respondents preferred that trial sites were best at having the first patients ready for inclusion right after site initiation visit compared to having good data entry, documentation, and reporting practice (25% [CI ±9%]), easily reachable site personnel and backup (23% [CI ±9%]), fast contractual procedure times (6% [CI ±5%]), a key opinion leader associated with the site (3% [CI ±4%]), and updated equipment and facilities (1% [CI ±2%]). In total, 75% [CI ±9%] agreed that their company would be interested in cooperating with an inexperienced trial site if the site had access to a large patient population and 52% [CI ±11%] had experienced that their company selected an inexperienced trial site in favor of an experienced site due to a higher level of interest and commitment. This study indicates that recruitment-related factors are pivotal to the pharmaceutical industry when assessing trial sites during site selection. Data quality-related factors seem highly valued especially in early phase trials whereas costs and investigator’s publication track record are less important. Experience in conducting clinical trials is not imperative. However, this applies primarily to late phase trials.","","","",""
"A methodology for the design of decision-maker oriented information systems.","https://scispace.com/papers/a-methodology-for-the-design-of-decision-maker-oriented-4j2gu2e3hq","1975","","","Gary Martin Grudnitski","","https://scispace.com/pdf/a-methodology-for-the-design-of-decision-maker-oriented-4j2gu2e3hq.pdf","Yes","","","","","","","","","","","SciSpace Full Text","- **Relevance Score:** 0/100 - **Relevance Tag:** Not Relevant - **Reasoning:** Paper discusses generic decision‑maker information systems and trial‑setting selection, not clinical trial complexity, metrics, or site‑feasibility decision processes.","","","","",""
"Blunting Occam's razor: aligning medical education with studies of complexity","https://www.zotero.org/JHodges38104/items/I22T6ADF/library","2010","Journal Article","Journal of Evaluation in Clinical Practice","A. Bleakley","10.1111/j.1365-2753.2010.01498.x","","No","112","","","","","","","","","","Zotero","- **Relevance Score:** 0/100 - **Relevance Tag:** Not Relevant - **Reasoning:** Discusses medical education and social learning theory, not clinical trial design, complexity metrics, or feasibility/site‑selection decisions.","Clinical effectiveness and efficiency in medicine for patient benefit should be grounded in the quality of medical education. In turn, the quality of medical education should be informed by contemporary learning theory that offers high explanatory, exploratory and predictive power. Multiple team-based health care interventions and associated policy are now routinely explored and explained through complexity theory. Yet medical education--how medical students learn to become doctors and how doctors learn to become clinical specialists or primary care generalists--continues to refuse contemporary, work-based social learning theories that have deep resonance with models of complexity. This can be explained ideologically, where medicine is grounded in a tradition of heroic individualism and knowledge is treated as private capital. In contrast, social learning theories resonating with complexity theory emphasize adaptation through collaboration, where knowledge is commonly owned. The new era of clinical teamwork demands, however, that we challenge the tradition of autonomy, bringing social learning theories in from the cold, to reveal their affinities with complexity science and demonstrate their powers of illumination. Social learning theories informed by complexity science can act as a democratizing force in medical education, helping practitioners to work more effectively in non-linear, complex, dynamic systems through inter-professionalism, shared tolerance of ambiguity and distributed cognition. Taking complexity science seriously and applying its insights demands a shift in cultural mindset in medical education. Inevitably, patterns of resistance will arise to frustrate such potential innovation.","","","",""
"'Doing the ""right"" thing': how parents experience and manage decision-making for children's 'normalising' surgeries","https://www.zotero.org/JHodges38104/items/AL68XZ55/library","2012","Journal Article","Social Science & Medicine","P. A. Nelson
A. L. Caress
A. M. Glenny
S. A. Kirk","10.1016/j.socscimed.2011.11.024","","No","71","","","","","","","","","","Zotero","- **Relevance Score:** 0/100 - **Relevance Tag:** Not Relevant - **Reasoning:** Examines parental choices for elective cleft surgeries; does not discuss clinical trial complexity, frameworks, or site‑selection decision‑making.","Using cleft lip and palate as an exemplar, this article examines parents' decision-making for children in the context of elective treatments which aim to 'normalise' a child's function, appearance, communication or identity. Using purposive and theoretical sampling, 35 parents with children from infancy to young adulthood were recruited through a specialist cleft centre in England. Parents were interviewed in-depth between 2006 and 2008 about their beliefs and motivations in relation to treatment decision-making in this context. A grounded theory approach was used to analyse the data. Findings revealed a core category, 'doing the ""right"" thing', that encapsulated parents' main concern in relation to their children's treatment and highlighted several emotional, social and cultural considerations underpinning their decision-making stance. Parents fulfilled a perceived 'moral' obligation to be 'good' parents by pursuing the 'normalising' treatments, particularly surgeries, made available to their children. Such treatments were viewed as a way of facilitating their child's social inclusion and helping them reach their full potential. In order to enable their continued pursuit of treatments over the long-term, parents also constructed specialist practitioners as highly competent and particularly trustworthy. This article captures the complexities involved in parents' decision-making for children's elective 'normalising' treatments, where both functional and appearance-related concerns are involved. It suggests that social norms about parenting, physical appearance and healthcare practitioner power may significantly shape decision-making in this context, so that such choices may be viewed primarily as 'moral' rather than social. Services could support parents with such challenges, by gauging their needs for information about surgery and its likely outcomes and providing emotional/decisional support to consider all available options.","","","",""
"Application of the intervention Complexity Assessment Tool for Systematic Reviews within a Cochrane review: an illustrative case study","https://pmc.ncbi.nlm.nih.gov/articles/PMC7309054/","2020","Journal Article","","Cathal A. Cadogan
Audrey Rankin
Simon Lewin
Simon Lewin
Carmel Hughes","10.12688/HRBOPENRES.13044.1","https://pmc.ncbi.nlm.nih.gov/articles/PMC7309054/pdf/hrbopenres-3-14140.pdf","Yes","4","MJEFSwqvav4J","","","","","","","","","SciSpace","- **Relevance Score:** 0/100 - **Relevance Tag:** Not Relevant - **Reasoning:** Uses iCAT_SR to assess intervention complexity in systematic reviews, not clinical trials; no framework for trial feasibility or site selection is presented.","Background: The intervention Complexity Assessment Tool for Systematic Reviews (iCAT_SR) has been developed to facilitate detailed assessments of intervention complexity in systematic reviews. Worked examples of the tool's application are needed to promote its use and refinement. The aim of this case study was to apply the iCAT_SR to a subset of 20 studies included in a Cochrane review of interventions aimed at improving appropriate polypharmacy in older people. Methods: Interventions were assessed independently by two authors using the six core iCAT_SR dimensions: (1) 'Target organisational levels/categories'; (2) 'Target behaviour/actions'; (3) 'Active intervention components'; (4) 'Degree of tailoring'; (5) 'Level of skill required by intervention deliverers'; (6) 'Level of skill required by intervention recipients'. Attempts were made to apply four optional dimensions: 'Interaction between intervention components'; 'Context/setting'; 'Recipient/provider factors'; 'Nature of causal pathway'. Inter-rater reliability was assessed using Cohen's Kappa coefficient. Disagreements were resolved by consensus discussion. The findings are presented narratively. Results: Assessments involving the core iCAT_SR dimensions showed limited consistency in intervention complexity across included studies, even when categorised according to clinical setting. Interventions were delivered across various organisational levels and categories (i.e. healthcare professionals and patients) and typically comprised multiple components. Intermediate skill levels were required by those delivering and receiving the interventions across all studies. A lack of detail in study reports precluded application of the iCAT_SR's optional dimensions. The inter-rater reliability was substantial (Cohen's Kappa = 0.75) Conclusions: This study describes the application of the iCAT_SR to studies included in a Cochrane systematic review. Future intervention studies need to ensure more detailed reporting of interventions, context and the causal pathways underlying intervention effects to allow a more holistic understanding of intervention complexity and facilitate replication in other settings. The experience gained has helped to refine the original guidance document relating to the application of iCAT_SR.","","","",""
"Appraising the Implementation of Complexity Approaches Within the Public Health Sector in Scotland. An Assessment Framework for Pre-Implementation Policy Evaluation.","https://scispace.com/papers/appraising-the-implementation-of-complexity-approaches-49yib1t5rv","2021","Journal Article","Frontiers in Public Health","Claudia Zucca
Emily Long
Jeremy Hilton
Mark McCann","10.3389/FPUBH.2021.653588","https://scispace.com/pdf/appraising-the-implementation-of-complexity-approaches-49yib1t5rv.pdf","Yes","","","","","","","","","","","SciSpace Full Text","- **Relevance Score:** 0/100 - **Relevance Tag:** Not Relevant - **Reasoning:** Uses a complexity assessment framework for public‑health policy implementation, not for clinical‑trial design, feasibility, or site‑selection.","Complexity approaches have gained international attention as potentially effective strategies to address population health challenges. In light of this, the Scottish government (Scot. Gov.) set the implementation of these approaches as the recommended practice for its public health sector organizations. This study evaluates the opportunity and feasibility of implementing complexity approaches in public health Scotland employees' everyday routine by employing a qualitative study that involves 20 stakeholders, representative of different organizations and roles. We made use of an assessment framework based on Soft Systems Methodology (SSm) and Normalization Process Theory (NPT) comprised of five phases: Phase One defines the boundaries, aims, and goals of the issue under study; Phase Two consists of data collection, drawing on the e-Health Implementation Toolkit (e-HIT); Phase Three involves short presentations and breakout group activities to provide information on the new policy; Phase Four employs system thinking tasks to structure debate and builds shared understanding among participants; Phase Five applies NPT to appraise the organizational position around complexity based on information from the preceding steps. We found two main obstacles to implementing complexity approaches: (1) a lack of a shared understanding of the key concepts in complexity and their practical implications; (2) stakeholders' fear of significant disruption to work routines and power relationships. We recommend addressing these issues with appropriate training and customization of goals and tools that may enable complexity approaches to succeed within the Scottish public health context. Our assessment framework allows the recognition of key mechanisms to support how Scotland's Public Health body can enhance the implementation of complexity approaches. The appraisal framework could be used to study early-stage policy implementation in other contexts.","","","",""
"Clinical trials, immunosuppression and renal transplantation: new trends in design and analysis.","https://pubmed.ncbi.nlm.nih.gov/12185461","2002","Journal Article","Pediatric nephrology (Berlin, Germany)","Landais
Daures","10.1007/s00467-002-0909-z","","No","","","12185461","","No references available","No grants available","","","","","PubMed","- **Relevance Score:** 0/100 - **Relevance Tag:** Not Relevant - **Reasoning:** Discusses immunosuppression trial design, statistical methods, and reporting standards, but does not propose a complexity framework, metrics, or site‑selection decision tools.","Clinical trials provide a framework to search for more effective and less toxic immunosuppressive agents to control renal transplant rejection. Some methodological aspects are presented. Patient selection and the choice of study endpoints are discussed with emphasis on standardized definitions and classification of histopathology, and on qualification and quantification of chronic rejection. Choosing a Bayesian or a frequentist approach and the afferent hypotheses is discussed together with the interpretation of a P-value and a confidence interval. Strategies for limiting the number of patients, increasing power and feasibility are reviewed, including discussion of surrogate endpoints. New approaches to statistical analysis are then presented, including intention-to-treat versus per-protocol analysis, analysis of correlated data, dependent censoring, and meta-analysis applied to renal transplantation. Pharmacoeconomics are finally introduced as necessary for implementation of decision making regarding therapeutic strategies. Reporting research increases its standards, and the CONSORT (Consolidated Standards of Reporting Trials) and QOROM (Quality of Reporting of Meta-analyses) criteria are to be integrated in the process of clinical trial procedures. In conclusion, observational studies are presented as part of an evidence-based approach in the hierarchy of evidence, keeping in mind that high quality, randomized, controlled trials are still necessary to decrease uncertainty in the field of renal transplantation.","","","",""
"Decision Assist During Mechanical Ventilation.","https://pubmed.ncbi.nlm.nih.gov/41170578","2026","Journal Article","Respiratory care","Hotz
Chang
Khemani
Newth","10.1177/19433654251384240","","No","","","41170578","","No references available","No grants available","","","","","PubMed","- **Relevance Score:** 0/100 - **Relevance Tag:** Not Relevant - **Reasoning:** Paper discusses ventilator decision‑assist tools, not trial complexity frameworks or site‑selection feasibility.","Mechanical ventilation management remains one of the most complex and critical interventions in intensive care medicine. As ventilation strategies continue to evolve from gas exchange optimization to comprehensive lung and diaphragm protection, the cognitive burden on clinicians has increased substantially. Decision assist systems represent a promising technological advancement that can help bridge the gap between evidence-based protocols and individualized patient care. Unlike fully automated closed-loop systems, decision assist tools maintain clinician oversight while providing real-time, data-driven recommendations to optimize ventilator management. This narrative review examines the current landscape of decision assist systems in mechanical ventilation, exploring their potential benefits in improving health equity, reducing practice variation, and enhancing adherence to protective ventilation strategies. We discuss the technical challenges, implementation barriers, and future directions for these systems, with particular emphasis on balancing the competing priorities of lung protection and diaphragm preservation. We illustrate these principles using examples from the development and implementation of a decision assist system called REDvent (real-time effort driven ventilator management) which was recently tested in a phase 2 clinical trial. While fully automated ventilation remains challenging due to the complexity of clinical decision-making and the need for contextual judgment, decision assist systems offer a pragmatic approach to improving ventilator management in the contemporary intensive care unit.","","","",""
"Women and Myasthenia Gravis.","https://pubmed.ncbi.nlm.nih.gov/42262806","2026","Journal Article","Annals of Indian Academy of Neurology","Menon
Vengalil
Nashi
Nalini","10.4103/aian.aian_13_26","https://www.ncbi.nlm.nih.gov/pmc/articles/PMC13349250/pdf","Yes","","","42262806","PMC13349250","Vinciguerra C, Iacono S, Bevilacqua L, Landolfi A, Piscosquito G, Ginanneschi F, et al. Sex differences in neuromuscular disorders. Mech Ageing Dev. 2023;211:111793.

Beeching F, Lecchi A, Riccitelli GC. Female gender and quality of life outcomes in myasthenia gravis: A systematic review and meta-analysis. Ther Adv Neurol Disord. 2025;18:17562864251344742.

Moulton VR. Sex hormones in acquired immunity and autoimmune disease. Front Immunol. 2018;9:2279.

Ngo ST, Steyn FJ, McCombe PA. Gender differences in autoimmune disease. Front Neuroendocrinol. 2014;35:347–69.

Fairweather D, Frisancho-Kiss S, Rose NR. Sex differences in autoimmune disease from a pathological perspective. Am J Pathol. 2008;173:600–9.

Leker RR, Karni A, Abramsky O. Exacerbation of myasthenia gravis during the menstrual period. J Neurol Sci. 1998;156:107–11.

Banner H, Niles KM, Ryu M, Sermer M, Bril V, Murphy KE. Myasthenia gravis in pregnancy: Systematic review and case series. Obstet Med. 2022;15:108–17.

Alharbi M, Menon D, Barnett C, Katzberg H, Sermer M, Bril V. Myasthenia gravis and pregnancy: Toronto specialty center experience. Can J Neurol Sci. 2021;48:767–71.

Boldingh MI, Maniaol AH, Brunborg C, Weedon-Fekjær H, Verschuuren JJGM, Tallaksen CME. Increased risk for clinical onset of myasthenia gravis during the postpartum period. Neurology. 2016;87:2139–45.

Ducci RD, Lorenzoni PJ, Kay CSK, Werneck LC, Scola RH. Clinical follow-up of pregnancy in myasthenia gravis patients. Neuromuscul Disord. 2017;27:352–7.

Sanders DB, Wolfe GI, Benatar M, Evoli A, Gilhus NE, Illa I, et al. International consensus guidance for management of myasthenia gravis. Neurology. 2016;87:419–25.

Shi J, Huan X, Zhou L, Xi J, Song J, Wang Y, et al. Comorbid autoimmune diseases in patients with myasthenia gravis: A retrospective cross-sectional study of a Chinese cohort. Front Neurol. 2021;12:790941. Doi: 10.3389/fneur.2021.790941.

Sheikh S, Alvi U, Soliven B, Rezania K. Drugs that induce or cause deterioration of myasthenia gravis: An update. J Clin Med. 2021;10:1537.

Dolgin E. Why autoimmune disease is more common in women: X chromosome holds clues. Nature. 2024;626:466.

Nicolì V, Tabano SM, Colapietro P, Maestri M, Ricciardi R, Stoccoro A, et al. Preferential X chromosome inactivation as a mechanism to explain female preponderance in myasthenia gravis. Genes (Basel) 2022;13:696.

Fang CEH, Bokre D, Wong SH. Clinical characteristics associated with secondary generalization in patients with ocular myasthenia gravis. Neurology. 2023;101:e1594–605.

Truffault F, de Montpreville V, Eymard B, Sharshar T, Le Panse R, Berrih-Aknin S. Thymic germinal centers and corticosteroids in myasthenia gravis: An immunopathological study in 1035 cases and a critical review. Clin Rev Allergy Immunol. 2017;52:108–24.

Myllynen C, Tuulasvaara A, Atula S, Laakso SM. Differences between females and males in the diagnostic delay and clinical course of thymectomised myasthenia gravis. Eur J Neurol. 2025;32:e70114.

Thomsen JLS, Vinge L, Harbo T, Andersen H. Gender differences in clinical outcomes in myasthenia gravis: A prospective cohort study. Muscle Nerve. 2021;64:538–44.

Lee I, Kaminski HJ, Xin H, Cutter G. Gender and quality of life in myasthenia gravis patients from the myasthenia gravis foundation of America registry. Muscle Nerve. 2018 doi: 10.1002/mus.26104.

Gable KL, Hobson-Webb LD. What is the significance of gender difference in myasthenia gravis? Muscle Nerve. 2021;64:515–6.

Ruiter AM, Verschuuren JJGM, Tannemaat MR. Fatigue in patients with myasthenia gravis. A systematic review of the literature. Neuromuscular Disord. 2020;30:631–9.

Huang X, Li Y, Feng H, Chen P, Liu W. Clinical characteristics of juvenile myasthenia gravis in southern China. Front Neurol. 2018;9:77.

Ohlraun S, Hoffmann S, Klehmet J, Kohler S, Grittner U, Schneider A, et al. Impact of myasthenia gravis on family planning: How do women with myasthenia gravis decide and why? Muscle Nerve. 2015;52:371–9.

Shah MP, Handa R, Shah M, Budmuru S, Upadhyaya SK. POS0887 Perception of women of reproductive age group with autoimmune diseases on sexual and reproductive health: A PAN India questionnaire-based study. Ann Rheum Dis. 2025;84:1020–1.

Su M, Liu X, Wang L, Song J, Zhou Z, Luo S, et al. Risk factors for pregnancy-related clinical outcome in myasthenia gravis: A systemic review and meta-analysis. Orphanet J Rare Dis. 2022;17:52.

Narayanaswami P, Sanders DB, Wolfe G, Benatar M, Cea G, Evoli A, et al. International consensus guidance for management of myasthenia gravis: 2020 update. Neurology. 2021;96:114–22.

Russell MD, Dey M, Flint J, Davie P, Allen A, Crossley A, et al. British Society for Rheumatology guideline on prescribing drugs in pregnancy and breastfeeding: Immunomodulatory anti-rheumatic drugs and corticosteroids. Rheumatology (Oxford) 2023;62:e48–88.

Norwood F, Dhanjal M, Hill M, James N, Jungbluth H, Kyle P, et al. Myasthenia in pregnancy: Best practice guidelines from a UK multispecialty working group. J Neurol Neurosurg Psychiatry. 2014;85:538–43.

Iijima S. Clinical and pathophysiologic relevance of autoantibodies in neonatal myasthenia gravis. Pediat Neonatol. 2021;62:581–90.

Ghadimi M, Dashti-Khavidaki S, Shahali M, Gohari M, Khatami MR, Alamdari A. Tacrolimus interaction with oral oestrogen in kidney transplant recipients: A case-control study. J Clin Pharm Ther. 2018;43:513–8.

Pernia S, DeMaagd G. The new pregnancy and lactation labeling rule. P T. 2016;41:713–5.

Waters J. Management of myasthenia gravis in pregnancy. Neurol Clin. 2019;37:113–20.

Bandoli G, Palmsten K, Forbess Smith CJ, Chambers CD. A review of systemic corticosteroid use in pregnancy and the risk of select pregnancy and birth outcomes. Rheum Dis Clin North Am. 2017;43:489–502.

Puchner A, Gröchenig HP, Sautner J, Helmy-Bader Y, Juch H, Reinisch S, et al. Immunosuppressives and biologics during pregnancy and lactation. Wien Klin Wochenschr. 2019;131:29–44.

Akbari M, Shah S, Velayos FS, Mahadevan U, Cheifetz AS. Systematic review and meta-analysis on the effects of thiopurines on birth outcomes from female and male patients with inflammatory bowel disease. Inflamm Bowel Dis. 2013;19:15–22.

Gong X, Li J, Yan J, Dai R, Liu L, Chen P, et al. Pregnancy outcomes in female patients exposed to cyclosporin-based versus tacrolimus-based immunosuppressive regimens after liver/kidney transplantation: A systematic review and meta-analysis. J Clin Pharm Ther. 2021;46:744–53.

Bar Oz B, Hackman R, Einarson T, Koren G. Pregnancy outcome after cyclosporine therapy during pregnancy: A meta-analysis. Transplantation. 2001;71:1051–5.

Wind M, Gaasbeek AGA, Oosten LEM, Rabelink TJ, van Lith JMM, Sueters M, et al. Therapeutic plasma exchange in pregnancy: A literature review. Eur J Obstet Gynecol Reprod Biol. 2021;260:29–36.

Kumar L, Kachhadia MP, Kaur J, Patel H, Noor K, Gohel RG, et al. Choices and challenges with treatment of myasthenia gravis in pregnancy: A systematic review. Cureus. 2023;15:e42772.

Dobson R, Rog D, Ovadia C, Murray K, Hughes S, Ford HL, et al. Anti-CD20 therapies in pregnancy and breast feeding: A review and ABN guidelines. Pract Neurol. 2023;23:6–14.

Menon D, Urra Pincheira A, Bril V. Emerging drugs for the treatment of myasthenia gravis. Expert Opin Emerg Drugs. 2021;26:259–70.

Menon D, Barnett C, Bril V. Novel treatments in myasthenia gravis. Front Neurol. 2020;11:538.

Menon D, Bril V. Pharmacotherapy of generalized myasthenia gravis with special emphasis on newer biologicals. Drugs. 2022;82:865–87.

Götestam Skorpen C, Hoeltzenbein M, Tincani A, Fischer-Betz R, Elefant E, Chambers C, et al. The EULAR points to consider for the use of antirheumatic drugs before pregnancy, and during pregnancy and lactation. Ann Rheum Dis. 2016;75:795–810.

Menon D, Sarpong E, Bril V. Practical aspects of transitioning from intravenous to subcutaneous immunoglobulin therapy in neuromuscular disorders. Can J Neurol Sci. 2022;49:161–7.

Menon D, Alharbi M, Katzberg HD, Bril V, Mendoza MG, Barnett-Tapia C. Effect of immunosuppression in risk of developing generalized symptoms in ocular myasthenia gravis. Neurology. 2024;103:e209722.

Filges I, Tercanli S, Hall JG. Fetal arthrogryposis: Challenges and perspectives for prenatal detection and management. Am J Med Genet. 2019;181:327–36.

Allen NM, O'Rahelly M, Eymard B, Chouchane M, Hahn A, Kearns G, et al. The emerging spectrum of fetal acetylcholine receptor antibody-related disorders (FARAD) Brain. 2023;146:4233–46.

Hacohen Y, Jacobson LW, Byrne S, Norwood F, Lall A, Robb S, et al. Fetal acetylcholine receptor inactivation syndrome. Neurol Neuroimmunol Neuroinflamm. 2014;2:e57.

Vijayan J, Menon D, Barnett C, Katzberg H, Lovblom LE, Bril V. Clinical profile and impact of comorbidities in patients with very-late-onset myasthenia gravis. Muscle Nerve. 2021;64:462–6.","No grants available","","","","","PubMed","- **Relevance Score:** 0/100 - **Relevance Tag:** Not Relevant - **Reasoning:** Discusses gender differences in myasthenia gravis and treatment considerations; no mention of trial complexity frameworks, metrics, or site‑selection decision tools.","Myasthenia gravis (MG) is a prototypical antibody-mediated autoimmune disorder of the neuromuscular junction, characterized by fluctuating skeletal muscle weakness and substantial morbidity. Although therapeutic advances have markedly improved survival and long-term outcomes, MG is not a gender-homogeneous condition. Women are disproportionately affected, exhibit a distinct bimodal age distribution, and experience the disease within unique biological and psychosocial contexts that shape presentation, disease course, quality of life, and treatment response. Accumulating evidence highlights sex-specific differences in immune reactivity, hormonal influences, thymic pathology, clinical severity, fatigue burden, and patient-reported outcomes. Notably, women consistently report poorer quality of life despite comparable disease severity. Reproductive health introduces additional complexity, as pregnancy planning, contraception, teratogenic risk, postpartum exacerbation, and neonatal complications profoundly influence clinical decision-making and patient autonomy. Despite these well-recognized disparities, sex-specific considerations remain insufficiently integrated into routine care and are strikingly underrepresented in clinical trial design. Most MG trials fail to stratify outcomes by sex, account for sex-dependent pharmacokinetics or pharmacodynamics, or include pregnancy-relevant populations, resulting in critical evidence gaps. This narrative review synthesizes current knowledge on gender-related pathophysiological mechanisms, clinical phenotypes, and life stage-specific management of MG, with particular emphasis on the reproductive years. It also briefly examines the evolving role of novel biological therapies, including complement inhibitors, neonatal Fc receptor inhibitors, and B-cell-directed agents, which offer promise for more targeted and potentially safer treatment paradigms. Systematic gender-stratified analyses, dedicated pregnancy registries, and proactive, physician-led counselling are essential to advancing equitable, evidence-based care for women living with MG.","","","",""
"African Americans and participation in clinical trials: differences in beliefs and attitudes by gender","https://www.zotero.org/JHodges38104/items/P6APGB7L/library","2006","Journal Article","Contemporary Clinical Trials","R. BeLue
K. D. Taylor-Richardson
J. Lin
A. T. Rivera
D. Grandison","10.1016/j.cct.2006.08.001","","No","82","","","","","","","","","","Zotero","- **Relevance Score:** 0/100 - **Relevance Tag:** Not Relevant - **Reasoning:** Examines gender‑based attitudes of African Americans toward trial participation; does not propose a complexity framework, metrics, or feasibility/site‑selection guidance.","OBJECTIVES: To explore gender differences in perceptions of 1) barriers and motivators to participation in clinical trials and perceived need of clinical trials and 2) perceptions of risks and benefits of participation in clinical trials in African American men and women. METHODS: Focus groups were conducted among African American participants by gender. A total of 67 African American participated in the focus groups. All focus groups were audio-taped and transcribed verbatim. Data analysis was performed by combining the key elements of grounded theory and content analysis with the assistance of the qualitative software ATLAS.ti 5.0. RESULTS: Different themes emerged for men versus women. The business and economic of research were important to male participants. The researcher-participant relationship emerged as one of the strongest themes related to potential female participation in research. DISCUSSION: Focus group results indicate that African American men and women present different preferences, beliefs and barriers to participation. Men expressed the desire to know information on funding issues, financial benefit and impact of the research. Women expressed the desire to be treated respectfully and as an individual as opposed to just a study subject. Integrating gender preferences into researcher-participant interactions, advertisement, informed consent delivery and advertisement of research studies may lead to increased participation rates. Discussing and presenting relevant information on clinical research funding mechanisms, and the business of clinical research with potential participants may be helpful in building trust with the researcher and the research team. Creating a process for information exchange and methods to minimize the power imbalance between the researcher and participant may also build trust and help participants feel more comfortable to participate in research.","","","",""
"Systematic review of interventional sickle cell trials registered in ClinicalTrials.gov","https://www.zotero.org/JHodges38104/items/GH5PAPQH/library","2015","Journal Article","Clinical Trials","J. D. Lebensburger
L. M. Hilliard
L. E. Pair
R. Oster
T. H. Howard
G. R. Cutter","10.1177/1740774515590811","https://scispace.com/pdf/systematic-review-of-interventional-sickle-cell-trials-3rxmbtwhed.pdf","No","","","","","","","","","","","Zotero","- **Relevance Score:** 0/100 - **Relevance Tag:** Not Relevant - **Reasoning:** Reviews sickle cell trial outcomes and publication rates; does not propose a complexity framework, discuss complexity metrics, or link to feasibility/site‑selection decisions.","The registry ClinicalTrials.gov was created to provide investigators and patients an accessible database of relevant clinical trials.|To understand the state of sickle cell disease clinical trials, a comprehensive review of all 174 ""closed,"" ""interventional"" sickle cell trials registered at ClinicalTrials.gov was completed in January 2015.|The majority of registered sickle cell disease clinical trials listed an academic center as the primary sponsor and were an early phase trial. The primary outcome for sickle cell disease trials focused on pain (23%), bone marrow transplant (BMT) (13%), hydroxyurea (8%), iron overload (8%), and pulmonary hypertension (8%). A total of 52 trials were listed as terminated or withdrawn, including 25 (14% of all trials) terminated for failure to enroll participants. At the time of this review, only 19 trials uploaded results and 29 trials uploaded a manuscript in the ClinicalTrials.gov database. A systematic review of pubmed.gov revealed that only 35% of sickle cell studies completed prior to 2014 resulted in an identified manuscript. In comparison, of 80 thalassemia trials registered in ClinicalTrials.gov, four acknowledged failure to enroll participants as a reason for trial termination or withdrawal, and 48 trials (60%) completed prior to 2014 resulted in a currently identified manuscript.|ClinicalTrials.gov can be an important database for investigators and patients with sickle cell disease to understand the current available research trials. To enhance the validity of the website, investigators must update their trial results and upload trial manuscripts into the database. This study, for the first time, quantifies outcomes of sickle cell disease trials and provides support to the belief that barriers exist to successful completion, publication, and dissemination of sickle cell trial results.","","","",""
"Addressing the Complexity of Prenatal and Postnatal Environmental Exposures Affecting Childhood Lung Function","https://www.zotero.org/JHodges38104/items/5AEYBFVN/library","2019","Journal Article","The Lancet Planetary Health","D. Sly Peter
Usemann Jakob","10.1016/s2542-5196(19)30011-7","","No","","","","","","","","","","","Zotero","- **Relevance Score:** 0/100 - **Relevance Tag:** Not Relevant - **Reasoning:** Paper discusses environmental exposures and lung function, without addressing clinical trial complexity, frameworks, or site‑selection decision making.","","","","",""
"The PedsQL multidimensional fatigue scale in pediatric obesity: feasibility, reliability and validity","https://www.zotero.org/JHodges38104/items/CUBHTGG6/library","2010","Journal Article","Pediatric Obesity","J. W. Varni
C. A. Limbers
W. P. Bryant
D. P. Wilson","10.3109/17477160903111706","","No","125","","","","","","","","","","Zotero","- **Relevance Score:** 0/100 - **Relevance Tag:** Not Relevant - **Reasoning:** The study validates a fatigue questionnaire for obese children; it does not discuss trial complexity, frameworks, or site‑selection decision‑making.","Objective. The PedsQL™ (Pediatric Quality of Life Inventory™) is a modular instrument designed to measure health-related quality of life (HRQOL) and disease-specific symptoms in children and adoles...","","","",""
"Attitudes toward clinical trials among patients with sickle cell disease","https://www.zotero.org/JHodges38104/items/6QYZUXK5/library","2014","Journal Article","Clinical Trials","C. Haywood
S. Lanzkron
M. Diener-West
J. Haythornthwaite
J. J. Strouse
S. Bediako
G. Onojobi
M. C. Beach","10.1177/1740774513519876","https://scispace.com/pdf/attitudes-toward-clinical-trials-among-patients-with-sickle-1fq8f4wevn.pdf","No","","","","","","","","","","","Zotero","- **Relevance Score:** 0/100 - **Relevance Tag:** Not Relevant - **Reasoning:** Studies patient attitudes toward sickle cell disease trials; does not propose a complexity framework, discuss complexity metrics, or link to feasibility/site‑selection decisions.","BackgroundA substantial number of planned clinical trials for sickle cell disease (SCD) have terminated early due to insufficient patient enrollment.PurposeTo describe attitudes toward clinical tri...","","","",""
"Clinical Trial Decision Making in Pediatric Sickle Cell Disease: A Qualitative Study of Perceived Benefits and Barriers to Participation","https://www.zotero.org/JHodges38104/items/RBGMLXVM/library","2015","Journal Article","Journal of Pediatric Hematology Oncology","C. A. Patterson
V. Chavez
V. Mondestin
J. Deatrick
Y. M. Li
L. P. Barakat","10.1097/MPH.0000000000000216","","No","","","","","","","","","","","Zotero","- **Relevance Score:** 0/100 - **Relevance Tag:** Not Relevant - **Reasoning:** Examines patient/caregiver enrollment decisions in pediatric SCD trials; does not propose a complexity framework, nor discuss complexity metrics or site‑selection feasibility.","Clinical trial research forms the foundation for advancing treatments; yet, children with sickle cell disease (SCD) are currently underrepresented. This qualitative study examines decision-making processes of youth with SCD and their caregivers regarding enrollment in clinical trial research. A subs","","","",""
"Can Preconsent Eliminate Some Barriers to Clinical Trial Enrollment of Children With Sickle Cell Disease in Crisis?","https://www.zotero.org/JHodges38104/items/87ITCHW9/library","2016","Journal Article","Pediatric Blood & Cancer","G. M. Guilcher","10.1002/pbc.26057","","No","","","","","","","","","","","Zotero","- **Relevance Score:** 0/100 - **Relevance Tag:** Not Relevant - **Reasoning:** Uses pre‑consent to boost enrollment in a sickle‑cell crisis trial; does not discuss trial complexity frameworks, metrics, or site‑selection feasibility.","I n this issue of Pediatric Blood & Cancer (page nnn), Nimmer and colleagues present a method of preconsent to enhance accrual to a randomized, double-blind, placebo-controlled clinical trial, which assigned children with sickle cell vasoocclusive crises to receive intravenous magnesium or normal saline placebo (magnesium in crisis [MAGiC] trial). While this study did not demonstrate benefit from the use of intravenous magnesium in terms of length of hospital stay, opioid use, or quality of life, the authors did gain valuable insight into research methodology in this population in the emergency setting.[1] Children with sickle cell disease have historically been poorly served in North American emergency departments due to knowledge deficits about the disease itself, in addition to the challenges for racial minorities in accessing timely and quality care. Collecting valuable data with the aim of improving care and outcomes for such populations is also complicated for various reasons. African-American and pediatric patients have been shown to be less likely to enroll on available clinical trials in a large academic center in North Carolina.[2] Mistrust is well known to impact recruitment of racial minorities to clinical trials.[3,4] Informed consent for research for patients in emergency departments might not be obtained due to the patient’s clinical status or the lack of an available legal authorized representative. Time constraints and the stress associated with acute medical complications (such as pain) are additional challenges. Logistics such as time of day and research staff availability may limit accrual, particularly when collaboration with additional services (e.g., pediatric hematology) is required. Such barriers do not absolve clinicians and care providers of their duty to include disadvantaged populations in clinical research—these barriers must be identified to allow for the development of strategies to overcome them. In fact, both National Institute of Health in the United States and Canadian Tri-Council Policy Statement on the Ethical Conduct for Research Involving Humans state that minorities and vulnerable populations should not be inappropriately excluded from research that might provide them benefit, although additional safeguardsmight be required for their protection.[5,6] One strategy to improve the education and understanding of potential research participants is preconsent. This process involves time spent with the research team and/or multimedia educational materials—in advance of eligibility for enrollment on the trial or randomization—which might include a description of general principles of clinical research or specific components of a particular clinical trial. Preconsent takes place in a calm, controlled environment with no time pressures, consistent with the process of truly informed consent. A study of this process in two cohorts of adult African Americans offered a hypothetical research trial with and without preconsent educational material. In those preconsented, significantly fewer subjects cited mistrust, fear of adverse effects, perceived lack of benefits, and privacy concerns as reasons for declining the hypothetical study.[7] These findings are consistent with a report of lessons learned from a trial in children and adults performed by the Sickle Cell Disease Clinical Research Network, in which sites that enrolled subjects strongly endorsed the statement that “educating subjects aided enrollment.”[4] Informed consent practices for research involving children with leukemia have improved with the guidance of parents of such children, with conclusions from qualitative research emphasizing the importance of time to make decisions, the provision of additional materials, organized consent conferences, and the staging of consent over several meetings.[8] The authors suggest that their findings should not differ fundamentally from the needs of children and families with other diagnoses, particularly when time pressure and stressmight influence the informed consent process. With these barriers in mind, combined with the literature describing preconsent as one potential solution to enhance the understanding of prospective subjects, Nimmer et al. employed a preconsent process at some sites in the MAGiC trial. Four of eight sites implemented such a process, with the remaining sites citing resource challenges and prior experiences or knowledge of the limitations of preconsent as reasons to decline its implementation. The authors found that preconsented subjects were much more likely to undergo randomization compared to those whose informed consent process took place in its entirety upon presentation with a vasoocclusive crisis. Few patients who preconsented to participate in the study later declined ongoing participation when presenting in crisis. These data suggest a strong willingness of those subjects who agreed to participate in the preconsent process to undergo randomization, but it would be","","","",""
"Untangling the complexity of limb-girdle muscular dystrophies","https://www.zotero.org/JHodges38104/items/TJN32899/library","2018","Journal Article","Muscle & Nerve","T. Liewluck
M. Milone","10.1002/mus.26077","","No","89","","","","","","","","","","Zotero","- **Relevance Score:** 0/100 - **Relevance Tag:** Not Relevant - **Reasoning:** Paper classifies LGMD subtypes by defective proteins; contains no discussion of trial complexity, feasibility analysis, or site‑selection frameworks.","The limb-girdle muscular dystrophies (LGMDs) are a group of genetically heterogeneous, autosomal inherited muscular dystrophies with a childhood to adult onset, manifesting with hip- and shoulder-girdle muscle weakness. When the term LGMD was first conceptualized in 1954, it was thought to be a single entity. Currently, there are 8 autosomal dominant (LGMD1A-1H) and 26 autosomal recessive (LGMD2A-2Z) variants according to the Online Mendelian Inheritance in Man database. In addition, there are other genetically identified muscular dystrophies with an LGMD phenotype not yet classified as LGMD. This highlights the entanglement of LGMDs, which represents an area in continuous expansion. Herein we aim to simplify the complexity of LGMDs by subgrouping them on the basis of the underlying defective protein and impaired function. Muscle Nerve 58: 167-177, 2018.","","","",""
"Vitamin D for the Prevention of Disease: An Endocrine Society Clinical Practice Guideline.","https://pubmed.ncbi.nlm.nih.gov/38828931","2024","Journal Article","The Journal of clinical endocrinology and metabolism","Demay
Pittas
Bikle
Diab
Kiely
Lazaretti-Castro
Lips
Mitchell
Murad
Powers
Rao
Scragg
Tayek
Valent
Walsh
McCartney","10.1210/clinem/dgae290","","No","","","38828931","","No references available","","","","","","PubMed","- **Relevance Score:** 0/100 - **Relevance Tag:** Not Relevant - **Reasoning:** Guideline discusses vitamin D supplementation and disease associations; contains no framework, metrics, or decision‑making tools for clinical‑trial complexity or site feasibility.","Numerous studies demonstrate associations between serum concentrations of 25-hydroxyvitamin D (25[OH]D) and a variety of common disorders, including musculoskeletal, metabolic, cardiovascular, malignant, autoimmune, and infectious diseases. Although a causal link between serum 25(OH)D concentrations and many disorders has not been clearly established, these associations have led to widespread supplementation with vitamin D and increased laboratory testing for 25(OH)D in the general population. The benefit-risk ratio of this increase in vitamin D use is not clear, and the optimal vitamin D intake and the role of testing for 25(OH)D for disease prevention remain uncertain.","","","",""
"Systematic Review and Meta-Analysis of the Magnitude of Structural, Clinical, and Physician and Patient Barriers to Cancer Clinical Trial Participation.","https://scispace.com/papers/systematic-review-and-meta-analysis-of-the-magnitude-of-2u7spbmvgs","2019","Journal Article","Journal of the National Cancer Institute","Joseph M. Unger
Riha Vaidya
Dawn L. Hershman
Lori M. Minasian
Mark E. Fleury","10.1093/JNCI/DJY221","https://scispace.com/pdf/systematic-review-and-meta-analysis-of-the-magnitude-of-2u7spbmvgs.pdf","Yes","443","","","","","","","","","","SciSpace Full Text","- **Relevance Score:** 0/100 - **Relevance Tag:** Not Relevant - **Reasoning:** Analyzes structural, clinical, and physician/patient barriers to trial enrollment; does not propose a complexity‑assessment framework, nor link complexity to feasibility or site‑selection decisions.","Background Barriers to cancer clinical trial participation have been the subject of frequent study, but the rate of trial participation has not changed substantially over time. Studies often emphasize patient-related barriers, but other types of barriers may have greater impact on trial participation. Our goal was to examine the magnitude of different domains of trial barriers by synthesizing prior research. Methods We conducted a systematic review and meta-analysis of studies that examined the trial decision-making pathway using a uniform framework to characterize and quantify structural (trial availability), clinical (eligibility), and patient/physician barrier domains. The systematic review utilized the PubMed, Google Scholar, Web of Science, and Ovid Medline search engines. We used random effects to estimate rates of different domains across studies, adjusting for academic vs community care settings. Results We identified 13 studies (nine in academic and four in community settings) with 8883 patients. A trial was unavailable for patients at their institution 55.6% of the time (95% confidence interval [CI] = 43.7% to 67.3%). Further, 21.5% (95% CI = 10.9% to 34.6%) of patients were ineligible for an available trial, 14.8% (95% CI = 9.0% to 21.7%) did not enroll, and 8.1% (95% CI = 6.3% to 10.0%) enrolled. Rates of trial enrollment in academic (15.9% [95% CI = 13.8% to 18.2%]) vs community (7.0% [95% CI = 5.1% to 9.1%]) settings differed, but not rates of trial unavailability, ineligibility, or non-enrollment. Conclusions These findings emphasize the enormous need to address structural and clinical barriers to trial participation, which combined make trial participation unachievable for more than three of four cancer patients.","","","",""
"Geriatric assessment predicts survival and competing mortality in colorectal cancer elderly patients. Can it help in adjuvant therapy decision?","https://www.zotero.org/JHodges38104/items/N3LBRMD9/library","2016","Journal Article","Annals of Oncology","M. Antonio
J. Saldana
A. Carmona-Bayonas
V. Navarro
C. Tebe
F. Formiga
R. Salazar
J. Borras","10.1093/annonc/mdw370.93","","No","","","","","","","","","","","Zotero","- **Relevance Score:** 0/100 - **Relevance Tag:** Not Relevant - **Reasoning:** Uses geriatric assessment to predict survival in elderly colorectal cancer patients; does not address trial complexity, feasibility analysis, or site‑selection frameworks.","","","","",""
"Decision-theoretic designs for small trials and pilot studies: A review","https://scispace.com/papers/decision-theoretic-designs-for-small-trials-and-pilot-zqiz6nyou8","2016","Journal Article","Statistical Methods in Medical Research","Siew Wan Hee
Thomas Hamborg
Simon Day
Jason Madan
Frank Miller
Martin Posch
Sarah Zohar
Nigel Stallard","10.1177/0962280215588245","https://scispace.com/pdf/decision-theoretic-designs-for-small-trials-and-pilot-zqiz6nyou8.pdf","Yes","","","","","","","","","","","SciSpace Full Text","- **Relevance Score:** 0/100 - **Relevance Tag:** Not Relevant - **Reasoning:** Uses decision‑theoretic utility designs for small trials; does not propose a complexity‑assessment framework, nor address trial complexity metrics or site‑selection feasibility.","Pilot studies and other small clinical trials are often conducted but serve a variety of purposes and there is little consensus on their design. One paradigm that has been suggested for the design of such studies is Bayesian decision theory. In this article, we review the literature with the aim of summarizing current methodological developments in this area. We find that decision-theoretic methods have been applied to the design of small clinical trials in a number of areas. We divide our discussion of published methods into those for trials conducted in a single stage, those for multi-stage trials in which decisions are made through the course of the trial at a number of interim analyses, and those that attempt to design a series of clinical trials or a drug development programme. In all three cases, a number of methods have been proposed, depending on the decision maker’s perspective being considered and the details of utility functions that are used to construct the optimal design.","","","",""
"Geriatric Assessment Predicts Survival and Competing Mortality in Elderly Patients with Early Colorectal Cancer: Can It Help in Adjuvant Therapy Decision-Making?","https://www.zotero.org/JHodges38104/items/LHAK9GEC/library","2017","Journal Article","Oncologist","M. Antonio
J. Saldana
A. Carmona-Bayonas
V. Navarro
C. Tebe
M. Nadal
F. Formiga
R. Salazar
J. M. Borras","10.1634/theoncologist.2016-0462","","No","55","","","","","","","","","","Zotero","- **Relevance Score:** 0/100 - **Relevance Tag:** Not Relevant - **Reasoning:** Uses comprehensive geriatric assessment to predict survival in elderly colorectal cancer patients; does not address trial complexity, feasibility, or site‑selection.","Background. The challenge when selecting elderly patients with colorectal cancer (CRC) for adjuvant therapy is to estimate the likelihood that death from other causes will preclude cancer events from occurring. The aim of this paper is to evaluate whether comprehensive geriatric assessment (CGA) can predict survival and cancer-specific mortality in elderly CRC patients candidates for adjuvant therapy. Material and Methods. One hundred ninety-five consecutive patients aged >= 75 with high-risk stage II and stage III CRC were prospectively included from May 2008 to May 2015. All patients underwent CGA, which evaluated comorbidity, polypharmacy, functional status, geriatric syndromes, mood, cognition, and social support. According to CGA results, patients were classified into three groups-fit, medium-fit, and unfit-to receive standard therapy, adjusted treatment, and best supportive care, respectively. We recorded survival and cause of death and used the Fine-Gray regression model to analyze competing causes of death. Results. Following CGA, 85 (43%) participants were classified as fit, 57 (29%) as medium-fit, and 53 (28%) as unfit. The univariate 5-year survival rates were 74%, 52%, and 27%. Sixty-one (31%) patients died due to cancer progression (53%), non-cancer-related cause (46%), and unknown reasons (1%); there were no toxicity-related deaths. Fit and medium-fit participants were more likely to die due to cancer progression, whereas patients classified as unfit were at significantly greater risk of non-cancer-related death. Conclusion. CGA showed efficacy in predicting survival and discriminating between causes of death in elderly patients with high-risk stage II and stage III resected CRC, with potential implications for shaping the decision-making process for adjuvant therapies.","","","",""
"Building virtual patients using simulation-based inference.","https://pubmed.ncbi.nlm.nih.gov/40809131","2024","Journal Article","Frontiers in systems biology","Paul
Karamitsou
Giegerich
Sadeghi
Lücke
Wagenhuber
Kister
Rehberg","10.3389/fsysb.2024.1444912","https://www.ncbi.nlm.nih.gov/pmc/articles/PMC12342008/pdf","Yes","","","40809131","PMC12342008","Aghamiri S. S., Amin R., Helikar T. (2022). Recent applications of quantitative systems pharmacology and machine learning models across diseases. J. Pharmacokinet. Pharmacodyn. 49 (1), 19–37. 10.1007/s10928-021-09790-9

Allen A., Siefkas A., Pellegrini E., Burdick H., Barnes G., Calvert J., et al. (2021). A digital twins machine learning model for forecasting disease progression in stroke patients. Appl. Sci. 11 (12), 5576. 10.3390/app11125576

Allen R. J., Rieger T. R., Musante C. J. (2016). Efficient generation and selection of virtual populations in quantitative systems pharmacology models. CPT Pharmacometrics Syst. Pharmacol. 5 (3), 140–146. 10.1002/psp4.12063

Biesemann N., Margerie D., Asbrand C., Rehberg M., Savova V., Agueusop I., et al. (2023). Additive efficacy of a bispecific anti–TNF/IL-6 nanobody compound in translational models of rheumatoid arthritis. Sci. Transl. Med. 15 (15), eabq4419. 10.1126/scitranslmed.abq4419

Björnsson B., Borrebaeck C., Elander N., Gasslander T., Gawel D. R., Gustafsson M., et al. (2019). Digital twins to personalize medicine. Genome Med. 12 (1), 4. 10.1186/s13073-019-0701-3

Boelts J., Harth P., Gao R., Udvary D., Yanez F., Baum D., et al. (2023). Simulation-based inference for efficient identification of generative models in connectomics. bioRxiv. 10.1371/journal.pcbi.1011406

Boyali A., Thompson S., Wong D. R. (2021). “Identification of vehicle dynamics parameters using simulation-based inference,” in 2021 IEEE intelligent vehicles symposium workshops (IV workshops).

Bradshaw E. L., Spilker M. E., Zang R., Bansal L., He H., Jones R. D. O., et al. (2019). Applications of quantitative systems pharmacology in model-informed drug discovery: perspective on impact and opportunities. CPT Pharmacometrics Syst. Pharmacol. 8 (11), 777–791. 10.1002/psp4.12463

Burmester G. R., Lin Y., Patel R., van Adelsberg J., Mangan E. K., Graham N. M., et al. (2017). Efficacy and safety of sarilumab monotherapy versus adalimumab monotherapy for the treatment of patients with active rheumatoid arthritis (MONARCH): a randomised, double-blind, parallel-group phase III trial. Ann. Rheum. Dis. 76 (5), 840–847. 10.1136/annrheumdis-2016-210310

Byrd R. H., Gilbert J. C., Nocedal J. (2000). A trust region method based on interior point techniques for nonlinear programming. Math. Program. 89, 149–185. 10.1007/pl00011391

Cheng Y., Straube R., Alnaif A., Huang L., Leil T., Schmidt B. (2022). Virtual populations for quantitative systems pharmacology models. Methods Mol. Biol., 2486:129–179. 10.1007/978-1-0716-2265-0_8

Cranmer K., Brehmer J., Louppe G. (2020). The frontier of simulation-based inference. Proc. Natl. Acad. Sci. U.S.A. 117 (48), 30055–30062. 10.1073/pnas.1912789117

Derbalah A., Al-Sallami H., Hasegawa C., Gulati A., Duffull S. B. (2022). A framework for simplification of quantitative systems pharmacology models in clinical pharmacology. Br. J. Clin. Pharmacol. 88 (4), 1430–1440. 10.1111/bcp.14451

Dixon J. K. (1979). Pattern recognition with partly missing data. IEEE Trans. Syst. Man. Cybern. Syst. 9 (10), 617–621. 10.1109/tsmc.1979.4310090

Duffull S., Gulati A. (2020). Potential issues with virtual populations when applied to nonlinear quantitative systems pharmacology models. CPT Pharmacometrics Syst. Pharmacol. 9 (11), 613–616. 10.1002/psp4.12559

Egea J. A., Vazquez E., Banga J. R., Martí R. (2009). Improved scatter search for the global optimization of computationally expensive dynamic models. J. Glob. Optim. 43, 175–190. 10.1007/s10898-007-9172-y

Friedrich C. (2016). A model qualification method for mechanistic physiological QSP models to support model-informed drug development. CPT Pharmacometrics and Syst. Pharmacol. 5 (2), 43–53. 10.1002/psp4.12056

Gabay C., Msihid J., Paccard C., Zilberstein M., Graham N. M., Boyapati A. (2017). FRI0227 Sarilumab significantly suppresses circulating biomarkers of bone resorption and cardiovascular risk compared with adalimumab: biomarker analysis from the phase 3 monarch study. Ann. Rheum. Dis. 76, 570. 10.1136/annrheumdis-2017-eular.4534

Gaby C., Burmester G., Strand V., Msihid J., Zilberstein M., Kimura T., et al. (2020). Sarilumab and adalimumab differential effects on bone remodelling and cardiovascular risk biomarkers, and predictions of treatment outcomes. Arthritis Res. and Ther. 22 (1), 70. 10.1186/s13075-020-02163-6

Greenberg D., Nonnenmacher M., Macke J. (2019). “Automatic posterior transformation for likelihood-free inference,” in International conference on machine learning.


Howell B. A., Yang Y., Kumar R., Woodhead J., Harrill A., Clewell H. 3., et al.  (2012). 


Klinke D. (2008). Integrating epidemiological data into a mechanistic model of type 2 diabetes: validating the prevalence of virtual patients. Ann. Biomed. Eng. 36 (2), 321–334. 10.1007/s10439-007-9410-y

Lee P. M. (1989). Bayesian statistics. London: Oxford University Press.

Lueckmann J.-M., Boelts J., Greenberg D., Goncalves P., Macke J. (2021). “Benchmarking simulation-based inference,” in International conference on artificial intelligence and statistics.

Luo M. C., Nikolopoulou E., Gevertz J. L. (2022). From fitting the average to fitting the individual: a cautionary tale for mathematical modelers. Front. Oncol. 12, 793908. 10.3389/fonc.2022.793908

McComb M., Blair R. H., Lysy M., Ramanathan M. (2022). Machine learning-guided, big data-enabled, biomarker-based systems pharmacology: modeling the stochasticity of natural history and disease progression. J. Pharmacokinet. Pharmacodyn. 49 (1), 65–79. 10.1007/s10928-021-09786-5

Parikh J., Rumbell T., Butova X., Myachina T., Acero J. C., Khamzin S., et al. (2022). Generative adversarial networks for construction of virtual populations of mechanistic models: simulations to study Omecamtiv Mecarbil action. J. Pharmacokinet. Pharmacodyn. 49 (1), 51–64. 10.1007/s10928-021-09787-4

Rehberg M., Giegerich C., Praestgaard A., van Hoogstraten H., Iglesias-Rodriguez M., Curtis J. R., et al. (2021). Identification of a rule to predict response to sarilumab in patients with rheumatoid arthritis using machine learning and clinical trial data. Rheumatol. Ther. 8, 1661–1675. 10.1007/s40744-021-00361-5

Reza M., Zhang Y., Nord B., Poh J., Ciprijanovic A., Strigari L. (2022). “Estimating cosmological constraints from galaxy cluster abundance using simulation-based inference,” in ICML 2022 workshop on machine learning for astrophysics.

Rieger T. R., Allen R. J., Bystricky L., Chen Y., Colopy G. W., Cui Y., et al. (2018). Improving the generation and selection of virtual populations in quantitative systems pharmacology models. Prog. Biophys. Molec Bio 139, 15–22. 10.1016/j.pbiomolbio.2018.06.002

Schmidt B. J., Casey F. P., Paterson T., Chan J. R. (2013). Alternate virtual populations elucidate the type I interferon signature predictive of the response to rituximab in rheumatoid arthritis. BMC Bioinforma. 14, 221. 10.1186/1471-2105-14-221

Sobol I. (2001). Global sensitivity indices for nonlinear mathematical models and their Monte Carlo estimates. Math. Comput. SIMULAT 55 (1-3), 271–280. 10.1016/S0378-4754(00)00270-6

Sorger P., Allerheiligen S., Abernethy D., Altman R., Brouwer K., Califano A., et al. (2011). Quantitative and systems pharmacology in the post-genomic era: new approaches to discovering drugs and understanding therapeutic. Maharashtra, India: NIH White Paper by the QSP Workshop Group.

Tibshirani B., Efron R. (1986). Bootstrap methods for standard errors, confidence. Stat. Sci. 27 (2), 54–77.

Wajima T., Isbister G. K., Duffull S. B. (2009). A comprehensive model for the humoral coagulation network in humans. Clin. Pharmacol. Ther. 86, 290–298. 10.1038/clpt.2009.87

Zhang T., Androulakis I. P., Bonate P., Cheng L., Helikar T., Parikh J., et al. (2022). Two heads are better than one: current landscape of integrating QSP and machine learning: an ISoP QSP SIG white paper by the working group on the integration of quantitative systems pharmacology and machine learning. J. Pharmacokinet. Pharmacodyn. 49 (1), 5–18. 10.1007/s10928-022-09805-z February, 2022)","No grants available","","","","","PubMed","- **Relevance Score:** 0/100 - **Relevance Tag:** Not Relevant - **Reasoning:** Paper develops simulation‑based virtual patients; no framework, metrics, or decision tools for clinical‑trial complexity or site feasibility are discussed.","In the context of","","","",""
"Effects of heterogeneous interaction strengths on food web complexity","https://www.zotero.org/JHodges38104/items/RGCEXATB/library","2008","Journal Article","Oikos","J. L. Garcia-Domingo
J. Saldana","10.1111/j.2007.0030-1299.16261.x","","No","","","","","","","","","","","Zotero","- **Relevance Score:** 0/100 - **Relevance Tag:** Not Relevant - **Reasoning:** Paper studies ecological food‑web architecture using foraging preferences; no connection to clinical trial complexity, frameworks, or site‑selection decisions.","Using a bioenergetic model we show that the pattern of foraging preferences greatly determines the complexity of the resulting food webs. By complexity we refer to the degree of richness of food-web architecture, measured in terms of some topological indicators (number of persistent species and links, connectance, link density, number of trophic levels, and frequency of weak links). The poorest food-web architecture is found for a mean-field scenario where all foraging preferences are assumed to be the same. Richer food webs appear when foraging preferences depend on the trophic position of species. Food-web complexity increases with the number of basal species. We also find a strong correlation between the complexity of a trophic module and the complexity of entire food webs with the same pattern of foraging preferences.","","","",""
"Exploring barriers and facilitators to clinical trial enrollment in the context of sickle cell anemia and hydroxyurea","https://www.zotero.org/JHodges38104/items/REAMZTGE/library","2013","Journal Article","Pediatric Blood & Cancer","J. D. Lebensburger
R. F. Sidonio
M. R. Debaun
M. M. Safford
T. H. Howard
I. C. Scarinci","10.1002/pbc.24486","https://scispace.com/pdf/exploring-barriers-and-facilitators-to-clinical-trial-jovmwowwd3.pdf","No","","","","","","","","","","","Zotero","- **Relevance Score:** 0/100 - **Relevance Tag:** Not Relevant - **Reasoning:** Explores parental barriers/facilitators to sickle cell trial enrollment; offers no complexity framework, metrics, or site‑selection decision tools.","Background Several sickle cell clinical trials have closed due to inability to enroll patients. To limit the early cessation of a proposed clinical trial due to low accrual rates, we sought to better understand barriers and facilitators to enrolling parents of children with sickle cell anemia (SCD) into clinical trials. Procedure Focus groups (n = 3) were conducted with parents/guardians (n = 14) who had not previously been recruited for a clinical trial and were not administering hydroxyurea to their children. Results Three main themes related to barriers to clinical trial enrollment were identified during analysis of focus groups: general barriers to health related research (general mistrust of research studies, emotional and practical concerns), barriers to trial design (randomization), and barriers to hydroxyurea (long term unknown risks, cancer, myelosuppressive effects). Facilitators identified were need for more education, including request for peer education, and improved explanation of clinical trials or study rationale. Conclusion Engagement of parents/guardians of children with SCD in identifying barriers and facilitators to clinical trial enrollment may be critical to the development of strategies to enhance SCD trial completion. Pediatr Blood Cancer 2013;60:1333–1337. © 2013 Wiley Periodicals, Inc.","","","",""
"Longitudinal assessment of lung function in children with sickle cell disease.","https://www.zotero.org/JHodges38104/items/MP8R7EFJ/library","2016","Journal Article","Pediatric Pulmonology","Alan Lunt
Alan Lunt
Emily McGhee
Emily McGhee
Karl Sylvester
Karl Sylvester
Gerrard F. Rafferty
Gerrard F. Rafferty
Moira Dick
Moira C. Dick
David C. Rees
David C. Rees
Sue Height
Sue Height
Swee Lay Thein
Swee Lay Thein
Anne Greenough
Anne Greenough","10.1002/ppul.23367","https://scispace.com/pdf/longitudinal-assessment-of-lung-function-in-children-with-5amb5zrf4t.pdf","No","50","","","","","","","","","","Zotero","- **Relevance Score:** 0/100 - **Relevance Tag:** Not Relevant - **Reasoning:** Studies longitudinal lung function decline in children with sickle cell disease; contains no framework, metrics, or guidance for clinical‑trial complexity, feasibility, or site selection.","Summary Objectives To prospectively assess longitudinal lung function in children with sickle cell disease (SCD). Working hypothesis Lung function in SCD children deteriorates with increasing age and the decline is more marked in younger children who have recently suffered ACS episodes. Study design Two prospective longitudinal studies. Patient-subject selection Two cohorts of SCD children and age and ethnic matched controls were recruited. Cohort One (47 SCD and 26 controls) had a median age of 8.8 years and follow up of 2 years and Cohort Two (45 SCD and 26 controls) a median age of 10.2 years and follow up of 10 years. Methodology Forced expiratory volume in one second (FEV1), vital capacity (VC), forced expiratory flow between 25% and 75% of VC (FEF 25–75), total lung capacity (TLC) and residual volume (RV) were measured on two occasions. Results In both groups of SCD children, lung function declined significantly, but in neither control group. ACS episodes were more frequent during the follow up period in Cohort One than Cohort Two (P<0.0001). The rate of decline was greater in Cohort One than Cohort Two for FEV1 (P=0.008), VC (P=0.001), FEF25–75 (P=0.030), TLC (P=0.004), and RV (P=0.043). In Cohort Two restrictive abnormalities were more common at follow up (P=0.006). Conclusions Lung function deteriorated with increasing age in SCD children and the rate of decline was greater in younger children in whom ACS episodes were more common. Pediatr Pulmonol. © 2015 Wiley Periodicals, Inc.","","","",""
"Intentional and unintentional nonadherence: a study of decision making.","https://www.mendeley.com/reference-manager/library/all-references/1f46fe73-36b0-35ff-afcc-8af6cb715797","2002","Journal Article","Journal of Behavioral Medicine","Abigail L. Wroe
Abigail L. Wroe","10.1023/A:1015866415552","","No","","","","","","","","","","","Mendeley","- **Relevance Score:** 0/100 - **Relevance Tag:** Not Relevant - **Reasoning:** Studies medication adherence decisions, not trial design; offers no framework, metrics, or feasibility guidance for clinical‑trial complexity or site selection.","Nonadherence to medical regimens is a major problem in health care. Distinguishing between intentional nonadherence (missing/altering doses to suit one's needs) and unintentional nonadherence (forgetting to take medication) may help in understanding nonadherence. Participants with respiratory conditions completed an anonymous questionnaire about (i) nonadherence; (ii) reasons for and against taking medications; and (iii) perceived style of the consultation in which their medication was first prescribed, as well as demographic and clinical variables. Consistent with the hypotheses, intentional nonadherence is predicted by the balance of individuals' reasons for and against taking medication as suggested by the Utility Theory, where these reasons include only those which the individual considers relevant and on which he/she focuses. Unintentional nonadherence is less strongly associated with decision balance, and more so with demographics. The research highlights the importance of (a) treating intentional and unintentional nonadherence as separate entities and (b) assessing individuals' idiosyncratic beliefs when considering intentional nonadherence.","","","",""
"Factors predicting adherence to a tailored-dose adjuvant treatment based on geriatric assessment in elderly people with colorectal cancer: A prospective study","https://www.zotero.org/JHodges38104/items/GSXLV2PH/library","2017","Journal Article","Annals of Oncology","M. Antonio
J. Saldana
A. Carmona-Bayonas
R. Salazar
V. Navarro
C. Tebe
J. M. Borras","","","No","","","","","","","","","","","Zotero","- **Relevance Score:** 0/100 - **Relevance Tag:** Not Relevant - **Reasoning:** Studies adherence to geriatric‑tailored adjuvant therapy in elderly colorectal cancer patients; does not address trial complexity, feasibility analysis, or site‑selection frameworks.","","","","",""
"The coding manual for qualitative researchers","https://www.mendeley.com/reference-manager/library/all-references/07b6b7cd-e6ba-37ca-af91-c53997e3c026","2013","Book","","Johnny Saldaña","","","No","28343","","","","","","","","","","Mendeley","- **Relevance Score:** 0/100 - **Relevance Tag:** Not Relevant - **Reasoning:** Provides a guide to qualitative coding methods; does not address clinical trial complexity, frameworks, or feasibility decision‑making.","An in-depth guide to each of the multiple approaches available for coding qualitative data. In total, 32 different approaches to coding are covered, ranging in complexity from beginner to advanced level and covering the full range of types of qualitative data from interview transcripts to field notes.","","","",""
"Mapping the Landscape of Perioperative Management in Metabolic and Bariatric Surgery: A Value-Complexity Framework-Guided Citespace Analysis","https://link.springer.com/article/10.1007/s11695-026-08805-z","","","","J Shen
X Xu
Y Lin
H Zhang
L Chen","","","No","","9B6qGtc8XAoJ","","","","","","","","","Google Scholar","- **Relevance Score:** 0/100 - **Relevance Tag:** Not Relevant - **Reasoning:** Paper applies a Value‑Complexity framework to perioperative management in bariatric surgery, not to clinical‑trial design, feasibility, or site‑selection.","","","","",""
"A prospective study assessing the value of geriatric assessment in elderly patients with stage III NSCLC for concurrent chemoradiation.","https://www.zotero.org/JHodges38104/items/CWV8HB2P/library","2016","Journal Article","Journal of Clinical Oncology","M. A. Rebollo
J. L. Aceituno
J. Saldana
A. Navarro
M. D. Arnaiz
J. C. Ruffinelli
R. Palmero
M. Plana
I. Brao
S. Padrones
V. Navarro-Perez
F. Cardenal
E. Nadal-Alforja","10.1200/JCO.2016.34.15_suppl.8509","","No","","","","","","","","","","","Zotero","- **Relevance Score:** 0/100 - **Relevance Tag:** Not Relevant - **Reasoning:** Studies geriatric assessment in elderly NSCLC patients; does not address trial complexity, feasibility analysis, or site‑selection frameworks.","8509Background: Concurrent chemoradiotherapy (cCRT) has proven to increase survival in elderly patients (p) with unresectable stage III NSCLC, but it is not yet accepted as standard of care. The ge...","","","",""
"Cardiac assessment of patients for haematopoietic stem cell transplantation","https://www.zotero.org/JHodges38104/items/LZGCMAWN/library","2007","Journal Article","Best Practice & Research Clinical Haematology","J. Gerry Coghlan
J. G. Coghlan
Clive Handler
C. E. Handler
Panagiotis D. Kottaridis
P. D. Kottaridis","10.1016/j.beha.2006.09.005","","No","","","","","","","","","","","Zotero","- **Relevance Score:** 0/100 - **Relevance Tag:** Not Relevant - **Reasoning:** Paper discusses cardiac evaluation before haematopoietic stem cell transplantation; no mention of trial complexity frameworks, metrics, or site‑selection feasibility.","null","","","",""
"Usability and Feasibility of an mHealth Intervention for Monitoring and Managing Pain Symptoms in Sickle Cell Disease: The Sickle Cell Disease Mobile Application to Record Symptoms via Technology (SMART)","https://www.zotero.org/JHodges38104/items/HWSCL6I3/library","2015","Journal Article","Hemoglobin","C. R. Jonassaint
N. Shah
J. Jonassaint
L. De Castro","10.3109/03630269.2015.1025141","","No","","","","","","","","","","","Zotero","- **Relevance Score:** 0/100 - **Relevance Tag:** Not Relevant - **Reasoning:** The study evaluates a mobile app for pain monitoring in sickle cell disease, without addressing trial complexity, feasibility frameworks, or site‑selection decision‑making.","Patients with sickle cell disease frequently experience severe pain events that lead to unplanned healthcare utilization. Mobile health tools (mHealth) may help prevent these events by providing remote monitoring and self-management support. This article describes the feasibility of the Sickle cell disease Mobile Application to Record symptoms via Technology (SMART), an mHealth app developed to help sickle cell disease patients monitor and manage their day-to-day symptoms. Fifteen patients recorded their pain intensity using a paper visual analog scale (VAS) and then repeated this measurement using an electronic VAS pain measure on SMART. Patients continued using SMART to record clinical symptoms, pain intensity, location and perceived severity, and treatment strategies for at least 28 days. Patient median age was 29 years (range 16-54); 60.0% were male. There was a high intraclass correlation between pain measurements entered on the paper VAS and SMART on the iPhone and the iPad We found a strong association between patient perceived pain severity and pain intensity entries using SMART (b = 1.71; p < 0.01). Daily compliance with SMART entries was a mean 75.0%, with a high of 85.7% in week 1 and low of 57.9% in week 4; however, one-third (n = 5) of the patients were 100.0% compliant even in week 4. Patients who were over age 35 or used an iPad for the study had the highest compliance rates. This study showed that SMART is a useable and feasible method for monitoring daily pain symptoms among adolescents and adults with sickle cell disease-related pain.","","","",""
"The appraisal of public health interventions: an overview","https://www.mendeley.com/reference-manager/library/all-references/9a528739-38d0-3795-8341-b938a520d0e9","2013","Journal Article","Journal of Public Health","A J Fischer
A Threlfall
S Meah
R Cookson
H Rutter
M P Kelly","10.1093/pubmed/fdt076","https://scispace.com/pdf/the-appraisal-of-public-health-interventions-an-overview-19gv1k9s1m.pdf","No","","","","","","","","","","","Mendeley","- **Relevance Score:** 0/100 - **Relevance Tag:** Not Relevant - **Reasoning:** Discusses decision‑theoretic appraisal of public health interventions, not clinical trial complexity, feasibility, or site‑selection frameworks.","BACKGROUND: The approach currently used to appraise public health interventions is close to that of health technology appraisal for drugs. This approach is not appropriate for many public health interventions, however, when extremely small individual level benefits are delivered to extremely large populations. In many such situations, randomized controlled trials with sufficient size and power to determine individual level effects are impractical. Such interventions may be cost-effective, even in the absence of traditional evidence to demonstrate this. METHODS: We outline an alternative approach based on decision theory. We apply it to cases where prior beliefs are sufficiently strong and well grounded to allow decision-makers to assume the direction of change of the intervention's outcome, within the context of a transparent and deliberative decision-making process. Decision theory also assumes that decision-makers are risk neutral, implying that they should make decisions based on an intervention's mean cost-effectiveness, and should therefore disregard variance except when deciding to wait for more information. However, they must allow for biases. RESULTS: A framework is presented which has the potential to achieve large health gains at no additional cost. CONCLUSIONS: This analysis provides a rigorous theoretical framework for decision-makers in public health. The implied paradigm shift also applies to some clinically based areas.","","","",""
"Geriatric assessment may help decision-making in elderly patients with inoperable, locally advanced non-small-cell lung cancer","https://www.zotero.org/JHodges38104/items/WFHJQL2T/library","2018","Journal Article","British Journal of Cancer","M. Antonio
J. Saldana
J. Linares
J. C. Ruffinelli
R. Palmero
A. Navarro
M. D. Arnaiz
I. Brao
S. Aso
S. Padrones
V. Navarro
J. Gonzalez-Barboteo
J. M. Borras
F. Cardenal
E. Nadal","10.1038/bjc.2017.455","https://scispace.com/pdf/geriatric-assessment-may-help-decision-making-in-elderly-459l011b1j.pdf","No","43","","","","","","","","","","Zotero","- **Relevance Score:** 0/100 - **Relevance Tag:** Not Relevant - **Reasoning:** Uses comprehensive geriatric assessment to guide treatment decisions for elderly NSCLC patients; does not address trial complexity, feasibility, or site selection.","Background: Although concurrent chemoradiotherapy (cCRT) increases survival in patients with inoperable, locally advanced non-small-cell lung cancer (NSCLC), there is no consensus on the treatment of elderly patients. The aim of this study was to determine the prognostic value of the comprehensive geriatric assessment (CGA) and its ability to predict toxicity in this setting. Methods: We enrolled 85 consecutive elderly (X75 years) participants, who underwent CGA and the Vulnerable Elders Survey (VES-13). Those classified as fit and medium-fit by CGA were deemed candidates for cCRT (platinum-based chemotherapy concurrent with thoracic radiation therapy), while unfit patients received best supportive care. Results: Fit (37%) and medium-fit (48%) patients had significantly longer median overall survival (mOS) (23.9 and 16.9 months, respectively) than unfit patients (15%) (9.3 months, log-rank P = 0.01). In multivariate analysis, CGA groups and VES-13 were independent prognostic factors. Fit and medium-fit patients receiving cCRT (n = 54) had mOS of 21.1 months (95% confidence interval: 16.2, 26.0). In those patients, higher VES-13 (>= 3) was associated with shorter mOS (16.33 vs 24.3 months, P = 0.027) and higher risk of G3-4 toxicity (65 vs 32%, P = 0.028). Conclusions: Comprehensive geriatric assessment and VES-13 showed independent prognostic value. Comprehensive geriatric assessment may help to identify elderly patients fit enough to be treated with cCRT.","","","",""
"Not all progression is equal.","https://pubmed.ncbi.nlm.nih.gov/41707059","2026","Journal Article","Cancer","Venkateswaran
Mantena
Willmann
Zhang
Dee
Iyengar","10.1002/cncr.70311","","No","","","41707059","","Eisenhauer EA, Therasse P, Bogaerts J, et al. New response evaluation criteria in solid tumours: revised RECIST guideline (version 1.1). Eur J Cancer. 2009;45(2):228‐247. doi:10.1016/j.ejca.2008.10.026

Seymour L, Bogaerts J, Perrone A, et al. iRECIST: guidelines for response criteria for use in trials testing immunotherapeutics. Lancet Oncol. 2017;18(3):e143‐e152. doi:10.1016/S1470‐2045(17)30074‐8

Morgan RL, Camidge DR. Reviewing RECIST in the era of prolonged and targeted therapy. J Thorac Oncol. 2018;13(2):154‐164. doi:10.1016/j.jtho.2017.10.015

Saal J, Eckstein M, Ritter M, et al. Dissection of progressive disease patterns for a modified classification for immunotherapy. JAMA Oncol. 2025;11(2):154‐161. doi:10.1001/jamaoncol.2024.5672

Fournier L, de Geus‐Oei LF, Regge D, et al. Twenty years on: RECIST as a biomarker of response in solid tumours an EORTC Imaging Group – ESOI Joint Paper. Front Oncol. 2022;11. doi:10.3389/fonc.2021.800547

Walia A, Tuia J, Prasad V. Progression‐free survival, disease‐free survival and other composite end points in oncology: improved reporting is needed. Nat Rev Clin Oncol. 2023;20(12):885‐895. doi:10.1038/s41571‐023‐00823‐5

Oxnard GR, Morris MJ, Hodi FS, et al. When progressive disease does not mean treatment failure: reconsidering the criteria for progression. J Natl Cancer Inst. 2012;104(20):1534‐1541. doi:10.1093/jnci/djs353

Guckenberger M, Lievens Y, Bouma AB, et al. Characterisation and classification of oligometastatic disease: a European Society for Radiotherapy and Oncology and European Organisation for Research and Treatment of Cancer consensus recommendation. Lancet Oncol. 2020;21(1):e18‐e28. doi:10.1016/S1470‐2045(19)30718‐1

Farris M, McTyre ER, Cramer CK, et al. Brain metastasis velocity: a novel prognostic metric predictive of overall survival and freedom from whole‐brain radiation therapy after distant brain failure following upfront radiosurgery alone. Int J Radiat Oncol Biol Phys. 2017;98(1):131‐141. doi:10.1016/j.ijrobp.2017.01.201

McTyre ER, Soike MH, Farris M, et al. Multi‐institutional validation of brain metastasis velocity, a recently defined predictor of outcomes following stereotactic radiosurgery. Radiother Oncol. 2020;142:168‐174. doi:10.1016/j.radonc.2019.08.011

Willmann J, Vlaskou Badra E, Adilovic S, et al. Distant metastasis velocity as a novel prognostic score for overall survival after disease progression following stereotactic body radiation therapy for oligometastatic disease. Int J Radiat Oncol Biol Phys. 2022;114(5):871‐882. doi:10.1016/j.ijrobp.2022.06.064

Willmann J, Baker S, Chen H, et al. Multinational validation of distant metastasis velocity as a post‐progression prognostic score in patients with oligometastatic cancer treated with metastasis‐directed stereotactic body radiotherapy. Eur J Cancer. 2025;228:115737. doi:10.1016/j.ejca.2025.115737

Pond GR, Sonpavde G, de Wit R, Eisenberger MA, Tannock IF, Armstrong AJ. The prognostic importance of metastatic site in men with metastatic castration‐resistant prostate cancer. Eur Urol. 2014;65(1):3‐6. doi:10.1016/j.eururo.2013.09.024

Alshalalfa M, Goglia AG, Swami N, et al. Determinants of widespread metastases and of metastatic tropism in patients with prostate cancer: a genomic analysis of primary and metastatic tumors. Urol Oncol. 2023;41(5):253.e21‐253.e26. doi:10.1016/j.urolonc.2023.02.006

Manfredi S, Lepage C, Hatem C, Coatmeur O, Faivre J, Bouvier AM. Epidemiology and management of liver metastases from colorectal cancer. Ann Surg. 2006;244(2):254‐259. doi:10.1097/01.sla.0000217629.94941.cf

Fong Y, Fortner J, Sun RL, Brennan MF, Blumgart LH. Clinical score for predicting recurrence after hepatic resection for metastatic colorectal cancer: analysis of 1001 consecutive cases. Ann Surg. 1999;230(3):309‐318; discussion 318‐321. doi:10.1097/00000658‐199909000‐00004

Tomlinson JS, Jarnagin WR, DeMatteo RP, et al. Actual 10‐year survival after resection of colorectal liver metastases defines cure. J Clin Oncol. 2007;25(29):4575‐4580. doi:10.1200/JCO.2007.11.0833

Morris VK, Kennedy EB, Baxter NN, et al. Treatment of metastatic colorectal cancer: ASCO Guideline. J Clin Oncol. 2023;41(3):678‐700. doi:10.1200/JCO.22.01690

Al‐Halabi H, Sayegh K, Digamurthy SR, et al. Pattern of failure analysis in metastatic EGFR‐mutant lung cancer treated with tyrosine kinase inhibitors to identify candidates for consolidation stereotactic body radiation therapy. J Thorac Oncol. 2015;10(11):1601‐1607. doi:10.1097/JTO.0000000000000648

Kim H, Venkatesulu BP, McMillan MT, et al. Local therapy for oligoprogressive disease: a systematic review of prospective trials. Int J Radiat Oncol Biol Phys. 2022;114(4):676‐683. doi:10.1016/j.ijrobp.2022.08.027

Serra F, Barruscotti S, Dominioni T, Zuccarini A, Pedrazzoli P, Chiellino S. Treatment following progression in metastatic melanoma: the state of the art from scientific literature to clinical need. Curr Oncol Rep. 2021;23(7):84. doi:10.1007/s11912‐021‐01065‐3

Campo M, Al‐Halabi H, Khandekar M, Shaw AT, Sequist LV, Willers H. Integration of stereotactic body radiation therapy with tyrosine kinase inhibitors in stage IV oncogene‐driven lung cancer. Oncologist. 2016;21(8):964‐973. doi:10.1634/theoncologist.2015‐0508

Yap TA, Macklin‐Doherty A, Popat S. Continuing EGFR inhibition beyond progression in advanced non‐small cell lung cancer. Eur J Cancer. 2017;70:12‐21. doi:10.1016/j.ejca.2016.10.014

Tsai CJ, Yang JT, Shaverdian N, et al. Standard‐of‐care systemic therapy with or without stereotactic body radiotherapy in patients with oligoprogressive breast cancer or non‐small‐cell lung cancer (Consolidative Use of Radiotherapy to Block [CURB] oligoprogression): an open‐label, randomised, controlled, phase 2 study. Lancet. 2024;403(10422):171‐182. doi:10.1016/S0140‐6736(23)01857‐3

Tawbi HA, Forsyth PA, Algazi A, et al. Combined nivolumab and ipilimumab in melanoma metastatic to the brain. N Engl J Med. 2018;379(8):722‐730. doi:10.1056/NEJMoa1805453

Kiess AP, Wolchok JD, Barker CA, et al. Stereotactic radiosurgery for melanoma brain metastases in patients receiving ipilimumab: safety profile and efficacy of combined treatment. Int J Radiat Oncol Biol Phys. 2015;92(2):368‐375. doi:10.1016/j.ijrobp.2015.01.004

Lehrer EJ, Kowalchuk RO, Gurewitz J, et al. Concurrent administration of immune checkpoint inhibitors and single fraction stereotactic radiosurgery in patients with non‐small cell lung cancer, melanoma, and renal cell carcinoma brain metastases. Int J Radiat Oncol Biol Phys. 2023;116(4):858‐868. doi:10.1016/j.ijrobp.2023.01.017

Zhang M, Wang L, Wang Q, et al. Evaluation of the optimal timing of radiotherapy in EGFR‐Mutant oligometastatic NSCLC through a retrospective analysis of treatment sequences and survival outcomes. Sci Rep. 2025;15(1):30650. doi:10.1038/s41598‐025‐15056‐y

Hu C, Wu S, Deng R, et al. Radiotherapy with continued EGFR‐TKIs for oligoprogressive disease in EGFR‐mutated non‐small cell lung cancer: a real‐world study. Cancer Med. 2023;12(1):266‐273. doi:10.1002/cam4.4894

Riely GJ, Wood DE, Aisner DL, et al. NCCN Guidelines® Insights: Non–Small Cell Lung Cancer, Version 7.2025: Featured Updates to the NCCN Guidelines®. J Natl Compr Cancer Netw. 2025;23(9):354‐362. doi:10.6004/jnccn.2025.0043

Yoon SM, Bazan JG. Navigating breast cancer oligometastasis and oligoprogression: current landscape and future directions. Curr Oncol Rep. 2024;26(6):647‐664. doi:10.1007/s11912‐024‐01529‐2

Institute of Cancer Research, United Kingdom. Targeted Therapy With or Without Dose Intensified Radiotherapy for Oligo‐Progressive Disease in Oncogene‐Addicted Lung Tumours. clinicaltrials.gov; 2023. Accessed 29 December 2025. https://clinicaltrials.gov/study/NCT03256981

Siravegna G, Marsoni S, Siena S, Bardelli A. Integrating liquid biopsies into the management of cancer. Nat Rev Clin Oncol. 2017;14(9):531‐548. doi:10.1038/nrclinonc.2017.14","","","","","","PubMed","- **Relevance Score:** 0/100 - **Relevance Tag:** Not Relevant - **Reasoning:** Discusses tumor progression patterns and trial endpoints, but does not address trial complexity, feasibility analysis, or site‑selection frameworks.","Progression in oncology trials is most often defined by Response Evaluation Criteria in Solid Tumors (RECIST), a framework that standardizes response assessment but oversimplifies the biological complexity of treatment failure. Efforts such as immune RECIST (iRECIST) have adapted these criteria for atypical response patterns seen with immunotherapy, yet the broader temporal and spatial dimensions of progression remain underexplored. Emerging evidence from lung and prostate cancer suggests that not all progression is equivalent: the velocity of disease spread, the tropism or organ site of failure, and the burden of progression each carry prognostic and therapeutic significance. Faster or organ-specific progression can reflect distinct resistance mechanisms, microenvironments, and implications for local versus systemic therapy. Integrating these dimensions into clinical trial endpoints-alongside established measures such as time to progression, time to next systemic therapy, or post-treatment failure-free survival-could improve interpretability and relevance to clinical decision-making. Prospective, standardized collection of lesion-level and temporal data is essential to validate these approaches and mitigate biases inherent to retrospective analyses. Recognizing that not all failure is the same, future studies should systematically characterize and report the pattern, velocity, and burden of progression to refine therapeutic sequencing and align trial endpoints with the biological realities of metastatic disease.","","","",""
"A process for Decision-making after Pilot and feasibility Trials (ADePT): Development following a feasibility study of a complex intervention for pelvic organ prolapse","https://scispace.com/papers/a-process-for-decision-making-after-pilot-and-feasibility-44zmb7zvpg","2013","Journal Article","Trials","Carol Bugge
Brian Williams
Suzanne Hagen
Janet Logan
Cathryn Glazener
Stewart Pringle
Lesley Sinclair","10.1186/1745-6215-14-353","https://scispace.com/pdf/a-process-for-decision-making-after-pilot-and-feasibility-44zmb7zvpg.pdf","Yes","169","","","","","","","","","","SciSpace Full Text","- **Relevance Score:** 0/100 - **Relevance Tag:** Not Relevant - **Reasoning:** Uses ADePT process to guide post‑pilot decision‑making and feasibility planning, but does not propose a trial‑complexity framework or metrics for site selection.","Current Medical Research Council (MRC) guidance on complex interventions advocates pilot trials and feasibility studies as part of a phased approach to the development, testing, and evaluation of healthcare interventions. In this paper we discuss the results of a recent feasibility study and pilot trial for a randomized controlled trial (RCT) of pelvic floor muscle training for prolapse (ClinicalTrials.gov: NCT01136889). The ways in which researchers decide to respond to the results of feasibility work may have significant repercussions for both the nature and degree of tension between internal and external validity in a definitive trial. We used methodological issues to classify and analyze the problems that arose in the feasibility study. Four centers participated with the aim of randomizing 50 women. Women were eligible if they had prolapse of any type, of stage I to IV, and had a pessary successfully fitted. Postal questionnaires were administered at baseline, 6 months, and 7 months post-randomization. After identifying problems arising within the pilot study we then sought to locate potential solutions that might minimize the trade-off between a subsequent explanatory versus pragmatic trial. The feasibility study pointed to significant potential problems in relation to participant recruitment, features of the intervention, acceptability of the intervention to participants, and outcome measurement. Finding minimal evidence to support our decision-making regarding the transition from feasibility work to a trial, we developed a systematic process (A process for Decision-making after Pilot and feasibility Trials (ADePT)) which we subsequently used as a guide. The process sought to: 1) encourage the systematic identification and appraisal of problems and potential solutions; 2) improve the transparency of decision-making processes; and 3) reveal the tensions that exist between pragmatic and explanatory choices. We have developed a process that may aid researchers in their attempt to identify the most appropriate solutions to problems identified within future pilot and feasibility RCTs. The process includes three key steps: a decision about the type of problem, the identification of all solutions (whether addressed within the intervention, trial design or clinical context), and a systematic appraisal of these solutions.","","","",""
"Pilot study of continuous co-infusion of morphine and naloxone in children with sickle cell pain crisis","https://www.mendeley.com/reference-manager/library/all-references/b52b33e1-2e97-3033-bcb3-7c8352df2dd4","2008","Journal Article","American Journal of Hematology","J Koch
R Manworren
L Clark
C T Quinn
G R Buchanan
Z R Rogers","10.1002/ajh.21213","https://onlinelibrary.wiley.com/doi/pdf/10.1002/ajh.21213","No","","","","","","","","","","","Mendeley","- **Relevance Score:** 0/100 - **Relevance Tag:** Not Relevant - **Reasoning:** Studies naloxone‑morphine co‑infusion in sickle‑cell pain; no discussion of trial complexity frameworks, metrics, or site‑selection feasibility.","Patients with sickle cell disease experience painful crises that often require hospitalization for a continuous infusion of morphine that may cause significant pruritus. We conducted a pilot study to determine the feasibility of simultaneous continuous co-infusion of naloxone with morphine, test novel assessment instruments for pruritus, and explore whether pruritus could be reduced while maintaining effective analgesia. Patients with sickle cell disease and painful crisis requiring continuous infusion morphine received continuous co-infusion of naloxone at 0.25 (low dose) or 1.0 mcg/kg x hr (high dose). Pain scores were obtained using the FACES scale and a 100-mm visual analog scale (VAS). Itching was quantified by a modified VAS score. Evaluable data were obtained on 16 patients. Simultaneous co-infusion of naloxone and morphine was feasible, did not seem to reduce the analgesic efficacy of morphine, and was associated with no adverse effects. The high dose group reported a lower median ""VAS worst itch"" score than the low dose group (4.8 vs. 7.3, P = 0.08). Simultaneous continuous infusion of naloxone with morphine in pediatric patients with sickle cell disease and pain crisis was feasible and well tolerated. A quantitative pruritus score allowed us to systematically measure pruritus. Further evaluation by randomized, placebo-controlled study of 1 mcg/kg x hr naloxone in this setting is required.","","","",""
"The cooperative study of sickle cell disease: review of study design and objectives","https://www.mendeley.com/reference-manager/library/all-references/9ceec007-5e74-3a6b-a396-f2c1fde33f06","1982","Journal Article","Journal of Pediatric Hematology Oncology","M Gaston
W F Rosse","","","No","","","","","","","","","","","Mendeley","- **Relevance Score:** 0/100 - **Relevance Tag:** Not Relevant - **Reasoning:** Describes a multi‑institution sickle cell disease study design and objectives; does not address trial complexity metrics, frameworks, or site‑selection feasibility.","Although sickle cell disease has been known for years and many of its manifestations have been recognized, the ""natural history"" or clinical course of the disease from early childhood to death is not well understood. This is largely because of the variable degree of severity, the variability of the many manifestations, and the complexity of the interaction of the disease process with other health-related events. Therefore, information obtained to date hs been largely anecdotal, retrospective in nature, and lacking statistical stature. Consequently, there are many unanswered clinical questions about this illness. Therefore, the National Heart, Lung, and Blood Institute of the National Institutes of Health has initiated a large-scale, multi-institution investigation based on an analytical and specific process, which is described. This 5-year study will provide the data base to answer existing questions and provide information to improve present medical management. Knowledge of risk factors, rates of progression, and incidence and nature of complications will directly impact on the care of sickle cell patients. In addition, this information will improve counseling related to family decisions and opportunities now available for prenatal diagnosis. Likewise, a data bank of clinical manifestations and a classification or index of severity are essential as emerging antisickling agents require clinical trials.","","","",""
"Respiratory Health Risk Assessment of Children Living Close to Industrial Areas in Indonesia","https://www.zotero.org/JHodges38104/items/E5MDCASK/library","2014","Journal Article","Reviews on environmental health","Salami Indah Rachmatiah Siti
A. As Zulfikar
Marselina Mariana
Roosmini Dwina","10.1515/reveh-2014-0034","","No","","","","","","","","","","","Zotero","- **Relevance Score:** 0/100 - **Relevance Tag:** Not Relevant - **Reasoning:** The study evaluates children's respiratory risk near industrial sites; it does not address clinical trial complexity, frameworks, or feasibility decision‑making.","Industrial areas are considered to have higher risk of air pollution impact especially to children living close to the industry. Two separate industrial areas in Indonesia were compared. The first location was in the area of coal transportation activity in South Kalimantan, and the second location was in the area of Bogor, West Java where used battery processing industry was often found. Fifty children (boys and girls, aged 6-15 years) were involved in South Kalimantan whereas in West Java there were 48 children (boys and girls, aged 10-12 years) involved. The control groups were also studied in both areas. Predicted average daily intake (ADD) of respirable particulate was estimated and respiratory function was measured using spirometer. The study showed that the PM2.5 concentration in industrial area was 3 times higher than those found in the control location. As a result, the predicted ADD of particulate of children living close to industry in South Kalimantan was 25.45±10.55 µg/kg.day whereas in West Java, the ADD was 1.5 times higher. For both studied area, boys' respirable particulate intake was shown to have higher intake than those in girls. Lung function of children revealed that more than 68% of children in the coal transportation area had decreased pulmonary function. The study also noted that some children in West Java had indicated an obstructive and restrictive respiratory condition. The risk of girls having mild lung disease was found to be 1.3 times greater than those in the control group whereas in boys, the risk was 1.9 times than those in control area. Respiratory function of children in West Java study area was considered to worsen by the higher Pb emission from used battery processing activity.","","","",""
"A Conceptual Model of Angelman Syndrome and Review of Relevant Clinical Outcomes Assessments (COAs)","https://www.zotero.org/JHodges38104/items/XWDWDIYY/library","2019","Journal Article","The Patient: Patient-Centered Outcomes Research","J. C. Grieco
B. Romero
E. Flood
R. Cabo
J. Visootsak","10.1007/S40271-018-0323-7","https://scispace.com/pdf/a-conceptual-model-of-angelman-syndrome-and-review-of-4vajkalzww.pdf","No","30","","","","","","","","","","Zotero","- **Relevance Score:** 0/100 - **Relevance Tag:** Not Relevant - **Reasoning:** Paper develops a disease conceptual model and evaluates COAs for Angelman syndrome; it does not address trial complexity, feasibility analysis, or site‑selection frameworks.","Angelman syndrome (AS) is a rare, neurological genetic disorder for which no clinical outcomes assessments (COAs) or conceptual models (CM) have been developed. This study aimed to identify symptoms and impacts relevant and important in this patient population and develop a conceptual model of AS, and to evaluate the content validity of selected COA instruments with potential for inclusion in clinical studies of AS to capture treatment benefit. For both concept elicitation (CE) and cognitive interviews (CI), caregivers of children, adolescents, and adults with AS and clinicians with AS experience were targeted. For CI, clinicians discussed the Modified Performance-Oriented Mobility Assessment (MPOMA-G) and ProtoKinetics Zeno Walkway™ and caregivers reviewed the Pediatric Evaluation of Disability Inventory Computer Adaptive Test (PEDI-CAT), the Anxiety, Depression and Mood Scale (ADAMS), the Aberrant Behavior Checklist–Community (ABC-C), and the Morning Diary. Four clinicians and 34 caregivers participated in CE interviews; three clinicians and 36 caregivers participated in CI. A conceptual model, initially informed by literature, was refined based on interview data. Five domains of symptoms, signs, and characteristics of AS were identified: cognitive and executive functioning, social-emotional, emotional-expressive behavior, sensory-compulsive behavior, and physical. Patient impacts were identified in three domains: activities of daily living, school, and social/community. Caregiver impacts were identified in five domains: mental health, physical health, work, home, and social. While all instruments demonstrated the ability to provide relevant data for the AS population, each instrument either contained some items irrelevant to individuals with AS or was missing important concepts based on the interviews. No single instrument covered all relevant domains specific to AS. Future work should consider the adaptation of existing COAs and the development of a novel AS-specific instrument for use in clinical research to ensure outcomes important to this patient population are captured.","","","",""
"A Framework for a Health Economic Evaluation Model for Patients With Sickle Cell Disease to Estimate the Value of New Treatments in the United States of America","https://www.mendeley.com/reference-manager/library/all-references/439ea804-4bdc-3241-bc18-7727b840d1c8","2023","Journal Article","Pharmacoeconomics - Open","Aaron N Winn
Anirban Basu
Scott D Ramsey","10.1007/s41669-023-00390-6","https://scispace.com/pdf/a-framework-for-a-health-economic-evaluation-model-for-smmdkm3y.pdf","No","3","","","","","","","","","","Mendeley","- **Relevance Score:** 0/100 - **Relevance Tag:** Not Relevant - **Reasoning:** Describes a health‑economic simulation for sickle‑cell disease treatments; does not address trial complexity, feasibility analysis, or site‑selection frameworks.","Sickle cell disease (SCD) is an inherited blood disorder associated with lifelong morbidity and increased risk of mortality that affects approximately 100,000 individuals in the United States (US), primarily of African-American descent. Due to these complications, individuals with SCD typically incur high healthcare costs. With a number of costly but potentially curative SCD therapies on the horizon, understanding the progression of SCD and economic burden to insurers and patients is vital.The aim is to develop a framework to understand the progression and costs of SCD that could be used to estimate how new treatments can impact the progression and costs of the disease.We detail how we will create a simulation model that represents the natural history of a population and allows for the characterization of the impact of novel therapies on the disease, associated costs, and outcomes in comparison to current management.In this report, we describe a conceptual approach to modeling SCD to determine the relative clinical and economic impact of new gene therapies compared to conventional therapies with a goal of providing a flexible approach that could inform the clinical management of SCD for patients, payers, and policy makers.","","","",""
"Understanding different beliefs held by adherers, unintentional nonadherers, and intentional nonadherers: Application of the Necessity–Concerns Framework","https://www.mendeley.com/reference-manager/library/all-references/827712d2-c8c4-3081-b0b2-ae7fd8f1c920","2008","Journal Article","Journal of Psychosomatic Research","Sarah Clifford
Nick Barber
Rob Horne","10.1016/J.JPSYCHORES.2007.05.004","https://www.mendeley.com/reference-manager/library/all-references/827712d2-c8c4-3081-b0b2-ae7fd8f1c920","No","","","","","","","","","","","Mendeley","- **Relevance Score:** 0/100 - **Relevance Tag:** Not Relevant - **Reasoning:** The study examines patient beliefs about medicines and adherence, offering no framework, metrics, or guidance related to clinical‑trial complexity, feasibility, or site selection.","OBJECTIVE The objective of this study was to explore beliefs about medicines, using the Necessity–Concerns Framework, of patients who report adherence, unintentional nonadherence, and intentional nonadherence. METHOD This study performed a cross-sectional survey of patients starting a new medication for a chronic condition. Self-reported adherence was assessed via telephone interview. The Necessity–Concerns Framework was operationalized using the Beliefs About Medicines Questionnaire, which assesses beliefs about the necessity of and concerns with taking medications. RESULTS Intentional nonadherers, compared to adherers, had lower perceptions of the necessity of their new medication and higher levels of concerns about taking it. Conversely, unintentional nonadherers were not significantly different from adherers. Intentional nonadherers were more likely to rate their concerns as high relative to their need for treatment than both adherers and unintentional nonadherers. CONCLUSION When patients start a new medication for a chronic condition, intentional nonadherers hold beliefs significantly different from those of adherers and unintentional nonadherers. These findings have implications for practice in helping clinicians to reduce this type of nonadherence.","","","",""
"Decision-making and ante-natal screening for sickle cell and thalassaemia disorders - To what extent do faith and religious identity mediate choice?","https://www.zotero.org/JHodges38104/items/87BQUKHT/library","2008","Journal Article","Current Sociology","K. Atkin
S. Ahmed
J. Hewison
J. M. Green","10.1177/0011392107084380","https://scispace.com/pdf/decision-making-and-ante-natal-screening-for-sickle-cell-and-4tj53o48ix.pdf","No","49","","","","","","","","","","Zotero","- **Relevance Score:** 0/100 - **Relevance Tag:** Not Relevant - **Reasoning:** Examines faith‑based attitudes toward prenatal screening, not trial design, complexity metrics, or site‑selection feasibility.","When making decisions about prenatal diagnosis, couples not only draw on their understanding of the condition but also broader aspects of their cultural identity. This article looks at how faith and religion mediate attitudes towards screening, prenatal diagnosis and termination of pregnancy for sickle cell and thalassaemia disorders. The article specifically reports on a qualitative study, which used focus groups from a variety of faith communities (Muslim, Sikh, Hindu and Christian), at risk of haemoglobin disorders, living in England. Our findings suggest that the decision about whether or not to have diagnostic testing generally related to attitudes towards the termination of pregnancy. The consequences of the condition were as important as religious beliefs to most people. More generally, faith beliefs emerged as negotiable and contingent: realized within a broader moral framework. Religion was felt not to be prescriptive and reproductive decisions were seen as personal. When making decisions, people...","","","",""
"The impact of geriatric assessment on the treatment decision of elderly cancer patients","https://www.zotero.org/JHodges38104/items/ZG6C3LSZ/library","2013","Journal Article","European Journal of Cancer","M. Antonio
J. Saldana
P. Fernandez
V. Navarro","","","No","","","","","","","","","","","Zotero","- **Relevance Score:** 0/100 - **Relevance Tag:** Not Relevant - **Reasoning:** Discusses geriatric assessment for treatment decisions in elderly cancer patients; does not address trial complexity, feasibility analysis, or site‑selection frameworks.","","","","",""
"Patient non-compliance: deviance or reasoned decision-making?","https://www.mendeley.com/reference-manager/library/all-references/ba765ef1-f8e5-3630-af61-31810d8135c3","1992","Journal Article","Social Science & Medicine","David R. Blake
Jenny L. Donovan
David R. Blake","10.1016/0277-9536(92)90206-6","","No","875","","","","","","","","","","Mendeley","- **Relevance Score:** 0/100 - **Relevance Tag:** Not Relevant - **Reasoning:** Examines patient non‑compliance behavior; does not address trial complexity, frameworks, or site‑selection decision processes.","","","","",""
"Choosing the right tool for the job: A comprehensive assessment of serological assays for SARS-CoV-2 as surrogates for authentic virus neutralization","https://www.zotero.org/JHodges38104/items/WWLP6MQC/library","2021","Journal Article","medRxiv","N. Wohlgemuth
K. Whitt
S. Cherry
E.K. Roubidoux
C.-Y. Lin
K.J. Allison
A. Gowen
P. Freiden
E.K. Allen
A.H. Gaur
J.H. Estepp
L. Tang
T. Mori
D.R. Hijano
H. Hakim
M.A. McGargill
F. Krammer
M.A. Whitt
J. Wolf
P.G. Thomas
S. Schultz-Cherry
D.C. Brice
A. Castellaw
D.E. Whittman
J. Hodges
R.H. Dallas
V. Cortez
A. Vazquez-Pagan
R.J. Webby
R. Bajracharya
B.L. Clark
L.-A. Van De Velde
W. Awad
T.L. Wilson
A.M. Kirk
E.I. Tuomanen
R.T. Hayden
J. Hoffman
J. Russell-Bell
J. Sparks","10.1101/2021.04.14.21255399","https://scispace.com/pdf/choosing-the-right-tool-for-the-job-a-comprehensive-3c9hp28ycd.pdf","No","","","","","","","","","","","Zotero","- **Relevance Score:** 0/100 - **Relevance Tag:** Not Relevant - **Reasoning:** Paper evaluates serological and pseudovirus neutralization assays for SARS‑CoV‑2, unrelated to trial complexity frameworks, metrics, or site‑selection decision processes.","Severe acute respiratory syndrome coronavirus 2 (SARS-CoV-2) emerged in late 2019 and has since caused a global pandemic resulting in millions of cases and deaths1-4. Diagnostic tools and serological assays are critical for controlling the outbreak5-7, especially assays designed to quantitate neutralizing antibody levels, considered the best correlate of protection8-11. As vaccines become increasingly available12, it is important to identify reliable methods for measuring neutralizing antibody responses that correlate with authentic virus neutralization but can be performed outside of biosafety level 3 (BSL3) laboratories. While many neutralizing assays using pseudotyped virus have been developed, there have been few studies comparing the different assays to each other as surrogates for authentic virus neutralization9,10,13,14. Here we characterized three enzyme-linked immunosorbent assays (ELISAs) and three pseudotyped VSV virus neutralization assays and assessed their concordance with authentic virus neutralization. The most accurate assays for predicting authentic virus neutralization were luciferase and secreted embryonic alkaline phosphatase (SEAP) expressing pseudotyped virus neutralizations, followed by GFP expressing pseudotyped virus neutralization, and then the ELISAs.","","","",""
"Intentional and unintentional nonadherence to hydroxyurea among people with sickle cell disease: a qualitative study","https://www.mendeley.com/reference-manager/library/all-references/7462cc34-05b2-3b0e-afc6-25f47c2a100a","2020","Journal Article","","Jason R Hodges
Shannon M Phillips
Sarah Norell
Chinonyelum Nwosu
Hamda Khan
Lingzi Luo
Sherif M Badawy
Allison King
Paula Tanabe
Marsha Treadwell
Lucia Rojas Smith
Cecelia Calhoun
Jane S Hankins
Jerlym Porter","10.1182/bloodadvances.2020001701","https://www.mendeley.com/reference-manager/library/all-references/7462cc34-05b2-3b0e-afc6-25f47c2a100a","No","","","","","","","","","","","Mendeley","- **Relevance Score:** 0/100 - **Relevance Tag:** Not Relevant - **Reasoning:** Examines hydroxyurea adherence in sickle cell disease using intentional/unintentional frameworks; no discussion of trial complexity, feasibility, or site selection.","Key Points • The unintentional and intentional nonadher-ence framework can provide a better understanding of hydroxyurea adherence among persons with SCD. • A majority of participants with SCD (70%) endorsed unintentional barriers to hydroxyurea adherence. Hydroxyurea is an efficacious treatment for sickle cell disease (SCD), but adoption is low among individuals with SCD. The objective of this study was to examine barriers to patients' adherence to hydroxyurea use regimens by using the intentional and unintentional medication nonadherence framework. We interviewed individuals with SCD age 15 to 49.9 years who were participants in the Sickle Cell Disease Implementation Consortium (SCDIC) Needs Assessment. The intentional and unintentional medication nonadherence framework explains barriers to using hydroxyurea and adds granularity to the understanding of medication adherence barriers unique to the SCD population. In total, 90 semi-structured interviews were completed across 5 of the 8 SCDIC sites. Among interviewed participants, 57.8% (n 5 52) were currently taking hydroxyurea, 28.9% (n 5 26) were former hydroxyurea users at the time of the interview, and 13.3% (n 5 12) had never used hydroxyurea but were familiar with the medication. Using a constructivist grounded theory approach, we discovered important themes that contributed to nonadherence to hydroxyurea, which were categorized under unintentional (eg, Forgetfulness, External Influencers) and intentional (Negative Perceptions of Hydroxyurea, Aversion to Taking Any Medications) nonadherence types. Participants more frequently endorsed adherence barriers that fell into the unintentional nonadherence type (70%) vs intentional nonadherence type (30%). Results from this study will help SCD health care providers understand patient choices and decisions as being either unintentional or intentional, guide tailored clinical discussions regarding hydroxyurea therapy, and develop specific, more nuanced interventions to address nonadherence factors.","","","",""
"Mistrust of Pediatric Sickle Cell Disease Clinical Trials Research","https://www.zotero.org/JHodges38104/items/DM5HL5ZX/library","2016","Journal Article","American Journal of Preventive Medicine","E. M. Stevens
C. A. Patterson
Y. B. Li
K. Smith-Whitley
L. P. Barakat","10.1016/j.amepre.2016.01.024","","No","","","","","","","","","","","Zotero","- **Relevance Score:** 0/100 - **Relevance Tag:** Not Relevant - **Reasoning:** Examines mistrust among families in pediatric sickle cell trials; does not propose a complexity framework, metrics, or feasibility/site‑selection guidance.","","","","",""
"Combined angiogenesis and PD-1 inhibition for immunomodulatory TNBC: concept exploration and biomarker analysis in the FUTURE-C-Plus trial.","https://pubmed.ncbi.nlm.nih.gov/35337339","2022","Journal Article","Molecular cancer","Wu
Xu
Chen
Fan
Ma
Zhao
Song
Hu
Yang
Chai
Guo
Chen
Xu
Zhu
Zou
Wang
Jiang
Shao","10.1186/s12943-022-01536-6","https://www.ncbi.nlm.nih.gov/pmc/articles/PMC8951705/pdf","Yes","","","35337339","PMC8951705","Sharma P, Pachynski RK, Narayan V, Fléchon A, Gravis G, Galsky MD, Mahammedi H, Patnaik A, Subudhi SK, Ciprotti M, et al. Nivolumab plus ipilimumab for metastatic castration-resistant prostate cancer: preliminary analysis of patients in the checkmate 650 trial. Cancer Cell. 2020;38:489–499.e483. doi: 10.1016/j.ccell.2020.08.007.

Schmid P, Adams S, Rugo HS, Schneeweiss A, Barrios CH, Iwata H, Dieras V, Hegg R, Im SA, Shaw Wright G, et al. Atezolizumab and nab-paclitaxel in advanced triple-negative breast cancer. N Engl J Med. 2018;379:2108–2121. doi: 10.1056/NEJMoa1809615.

Cortes J, Cescon DW, Rugo HS, Nowecki Z, Im SA, Yusof MM, Gallardo C, Lipatov O, Barrios CH, Holgado E, et al. Pembrolizumab plus chemotherapy versus placebo plus chemotherapy for previously untreated locally recurrent inoperable or metastatic triple-negative breast cancer (KEYNOTE-355): a randomised, placebo-controlled, double-blind, phase 3 clinical trial. Lancet. 2020;396:1817–1828. doi: 10.1016/S0140-6736(20)32531-9.

Doroshow DB, Bhalla S, Beasley MB, Sholl LM, Kerr KM, Gnjatic S, Wistuba II, Rimm DL, Tsao MS, Hirsch FR. PD-L1 as a biomarker of response to immune-checkpoint inhibitors. Nat Rev Clin Oncol. 2021;18:345–362. doi: 10.1038/s41571-021-00473-5.

Shen R, Postow MA, Adamow M, Arora A, Hannum M, Maher C, Wong P, Curran MA, Hollmann TJ, Jia L, et al. LAG-3 expression on peripheral blood cells identifies patients with poorer outcomes after immune checkpoint blockade. Sci Transl Med. 2021;13:eabf5107. doi: 10.1126/scitranslmed.abf5107.

Winer EP, Lipatov O, Im SA, Goncalves A, Muñoz-Couselo E, Lee KS, Schmid P, Tamura K, Testa L, Witzel I, et al. Pembrolizumab versus investigator-choice chemotherapy for metastatic triple-negative breast cancer (KEYNOTE-119): a randomised, open-label, phase 3 trial. Lancet Oncol. 2021;22:499–511. doi: 10.1016/S1470-2045(20)30754-3.

Jiang YZ, Ma D, Suo C, Shi J, Xue M, Hu X, Xiao Y, Yu KD, Liu YR, Yu Y, et al. Genomic and transcriptomic landscape of triple-negative breast cancers: subtypes and treatment strategies. Cancer Cell. 2019;35:428–440 e425. doi: 10.1016/j.ccell.2019.02.001.

Cristescu R, Mogg R, Ayers M, Albright A, Murphy E, Yearley J, Sher X, Liu XQ, Lu H, Nebozhyn M, et al. Pan-tumor genomic biomarkers for PD-1 checkpoint blockade-based immunotherapy. Science. 2018;362:eaar3593. doi: 10.1126/science.aar3593.

Zhao S, Ma D, Xiao Y, Li XM, Ma JL, Zhang H, Xu XL, Lv H, Jiang WH, Yang WT, et al. Molecular subtyping of triple-negative breast cancers by immunohistochemistry: molecular basis and clinical relevance. Oncologist. 2020;25:e1481–1491. doi: 10.1634/theoncologist.2019-0982.

Jiang YZ, Liu Y, Xiao Y, Hu X, Jiang L, Zuo WJ, Ma D, Ding J, Zhu X, Zou J, et al. Molecular subtyping and genomic profiling expand precision medicine in refractory metastatic triple-negative breast cancer: the FUTURE trial. Cell Res. 2021;31:178–186. doi: 10.1038/s41422-020-0375-9.

Voorwerk L, Slagter M, Horlings HM, Sikorska K, van de Vijver KK, de Maaker M, Nederlof I, Kluin RJC, Warren S, Ong S, et al. Immune induction strategies in metastatic triple-negative breast cancer to enhance the sensitivity to PD-1 blockade: the TONIC trial. Nat Med. 2019;25:920–928. doi: 10.1038/s41591-019-0432-4.

Emens LA. Predictive biomarkers: progress on the road to personalized cancer immunotherapy. J Natl Cancer Inst. 2021;113:1601. doi: 10.1093/jnci/djab068.

Thommen DS, Schumacher TN. T cell dysfunction in cancer. Cancer Cell. 2018;33:547–562. doi: 10.1016/j.ccell.2018.03.012.

Sukumar M, Liu J, Ji Y, Subramanian M, Crompton JG, Yu Z, Roychoudhuri R, Palmer DC, Muranski P, Karoly ED, et al. Inhibiting glycolytic metabolism enhances CD8+ T cell memory and antitumor function. J Clin Invest. 2013;123:4479–4488. doi: 10.1172/JCI69589.

Sen T, Rodriguez BL, Chen L, Corte CMD, Morikawa N, Fujimoto J, Cristea S, Nguyen T, Diao L, Li L, et al. Targeting DNA damage response promotes antitumor immunity through STING-mediated T-cell activation in small cell lung cancer. Cancer Discov. 2019;9:646–661. doi: 10.1158/2159-8290.CD-18-1020.

Lang GT, Jiang YZ, Shi JX, Yang F, Li XG, Pei YC, Zhang CH, Ma D, Xiao Y, Hu PC, et al. Characterization of the genomic landscape and actionable mutations in Chinese breast cancers by clinical sequencing. Nat Commun. 2020;11:5679. doi: 10.1038/s41467-020-19342-3.

Emens LA, Molinero L, Loi S, Rugo HS, Schneeweiss A, Diéras V, Iwata H, Barrios CH, Nechaeva M, Duc AN, et al. Atezolizumab and nab-paclitaxel in advanced triple-negative breast cancer: biomarker evaluation of the IMpassion130 study. J Natl Cancer Inst. 2021;113(8):1005. doi: 10.1093/jnci/djab004.

Berry S, Giraldo NA, Green BF, Cottrell TR, Stein JE, Engle EL, Xu H, Ogurtsova A, Roberts C, Wang D, et al. Analysis of multispectral imaging with the astropath platform informs efficacy of PD-1 blockade. Science. 2021;372:eaba2609. doi: 10.1126/science.aba2609.

Huang D, Chen X, Zeng X, Lao L, Li J, Xing Y, Lu Y, Ouyang Q, Chen J, Yang L, et al. Targeting regulator of G protein signaling 1 in tumor-specific T cells enhances their trafficking to breast cancer. Nat Immunol. 2021;22:865–879. doi: 10.1038/s41590-021-00939-9.

Bianchini G, De Angelis C, Licata L, Gianni L. Treatment landscape of triple-negative breast cancer - expanded options, evolving needs. Nat Rev Clin Oncol. 2021;19:91. doi: 10.1038/s41571-021-00565-2.

Litchfield K, Reading JL, Puttick C, Thakkar K, Abbosh C, Bentham R, Watkins TBK, Rosenthal R, Biswas D, Rowan A, et al. Meta-analysis of tumor- and T cell-intrinsic mechanisms of sensitization to checkpoint inhibition. Cell. 2021;184:596–614 e514. doi: 10.1016/j.cell.2021.01.002.

Morad G, Helmink BA, Sharma P, Wargo JA. Hallmarks of response, resistance, and toxicity to immune checkpoint blockade. Cell. 2021;184:5309–5337. doi: 10.1016/j.cell.2021.09.020.

Schmid P, Cortes J, Pusztai L, McArthur H, Kummel S, Bergh J, Denkert C, Park YH, Hui R, Harbeck N, et al. Pembrolizumab for early triple-negative breast cancer. N Engl J Med. 2020;382:810–821. doi: 10.1056/NEJMoa1910549.

Ambler R, Edmunds GL, Tan SL, Cirillo S, Pernes JI, Ruan X, Huete-Carrasco J, Wong CCW, Lu J, Ward J, et al. PD-1 suppresses the maintenance of cell couples between cytotoxic T cells and target tumor cells within the tumor. Sci Signal. 2020;13:eaau4518. doi: 10.1126/scisignal.aau4518.

Patsoukis N, Wang Q, Strauss L, Boussiotis VA. Revisiting the PD-1 pathway. Sci Adv. 2020;6:eabd2712. doi: 10.1126/sciadv.abd2712.

Melero I, Castanon E, Alvarez M, Champiat S, Marabelle A. Intratumoural administration and tumour tissue targeting of cancer immunotherapies. Nat Rev Clin Oncol. 2021;18:181–19. doi: 10.1038/s41571-021-00507-y.

Fajgenbaum DC, June CH. Cytokine storm. N Engl J Med. 2020;383:2255–2273. doi: 10.1056/NEJMra2026131.

Fukumura D, Kloepper J, Amoozgar Z, Duda DG, Jain RK. Enhancing cancer immunotherapy using antiangiogenics: opportunities and challenges. Nat Rev Clin Oncol. 2018;15:325–340. doi: 10.1038/nrclinonc.2018.29.

Yi M, Jiao D, Qin S, Chu Q, Wu K, Li A. Synergistic effect of immune checkpoint blockade and anti-angiogenesis in cancer treatment. Mol Cancer. 2019;18:60. doi: 10.1186/s12943-019-0974-6.

Huang Y, Yuan J, Righi E, Kamoun WS, Ancukiewicz M, Nezivar J, Santosuosso M, Martin JD, Martin MR, Vianello F, et al. Vascular normalizing doses of antiangiogenic treatment reprogram the immunosuppressive tumor microenvironment and enhance immunotherapy. Proc Natl Acad Sci U S A. 2012;109:17561–17566. doi: 10.1073/pnas.1215397109.

Huang Y, Kim BYS, Chan CK, Hahn SM, Weissman IL, Jiang W. Improving immune-vascular crosstalk for cancer immunotherapy. Nat Rev Immunol. 2018;18:195–203. doi: 10.1038/nri.2017.145.

Zheng X, Fang Z, Liu X, Deng S, Zhou P, Wang X, Zhang C, Yin R, Hu H, Chen X, et al. Increased vessel perfusion predicts the efficacy of immune checkpoint blockade. J Clin Invest. 2018;128:2104–2115. doi: 10.1172/JCI96582.

Lan C, Shen J, Wang Y, Li J, Liu Z, He M, Cao X, Ling J, Huang J, Zheng M, et al. Camrelizumab plus apatinib in patients with advanced cervical cancer (CLAP): a multicenter, open-label, single-arm, phase II trial. J Clin Oncol. 2020;38:4095–4106. doi: 10.1200/JCO.20.01920.

Rini BI, Plimack ER, Stus V, Gafanov R, Hawkins R, Nosov D, Pouliot F, Alekseev B, Soulières D, Melichar B, et al. Pembrolizumab plus axitinib versus sunitinib for advanced renal-cell carcinoma. N Engl J Med. 2019;380:1116–1127. doi: 10.1056/NEJMoa1816714.

Socinski MA, Jotte RM, Cappuzzo F, Orlandi F, Stroyakovskiy D, Nogami N, Rodríguez-Abreu D, Moro-Sibilot D, Thomas CA, Barlesi F, et al. Atezolizumab for first-line treatment of metastatic nonsquamous NSCLC. N Engl J Med. 2018;378:2288–2301. doi: 10.1056/NEJMoa1716948.

Qu YY, Zhang HL, Guo H, Luo H, Zou Q, Xing N, Xia S, Sun Z, Zhang X, He C, et al. Camrelizumab plus famitinib in patients with advanced or metastatic renal cell carcinoma: data from an open-label, multicenter phase II basket study. Clin Cancer Res. 2021;27:5838–5846. doi: 10.1158/1078-0432.CCR-21-1698.

Emens LA. Breast cancer immunotherapy: facts and Hopes. Clin Cancer Res. 2018;24:511–520. doi: 10.1158/1078-0432.CCR-16-3001.

Ding H, Li LX, Harris PC, Yang J, Li X. Extracellular vesicles and exosomes generated from cystic renal epithelial cells promote cyst growth in autosomal dominant polycystic kidney disease. Nat Commun. 2021;12:4548. doi: 10.1038/s41467-021-24799-x.

Papavassiliou KA, Zoi I, Gargalionis AN, Koutsilieris M. Polycystin-1 affects cancer cell behaviour and interacts with mTOR and Jak signalling pathways in cancer cell lines. J Cell Mol Med. 2019;23:6215–6227. doi: 10.1111/jcmm.14506.

Peintner L, Venkatraman A, Waeldin A, Hofherr A, Busch T, Voronov A, Viau A, Kuehn EW, Köttgen M, Borner C. Loss of PKD1/polycystin-1 impairs lysosomal activity in a CAPN (calpain)-dependent manner. Autophagy. 2021;17:2384–2400. doi: 10.1080/15548627.2020.1826716.","No grants available","","","","","PubMed","- **Relevance Score:** 0/100 - **Relevance Tag:** Not Relevant - **Reasoning:** Paper studies a therapeutic combo and biomarkers in TNBC; it does not propose or discuss trial complexity frameworks, metrics, or site‑selection feasibility.","Immune checkpoint inhibitors had a great effect in triple-negative breast cancer (TNBC); however, they benefited only a subset of patients, underscoring the need to co-target alternative pathways and select optimal patients. Herein, we investigated patient subpopulations more likely to benefit from immunotherapy and inform more effective combination regimens for TNBC patients.","","","",""
"Intentional and unintentional medication non-adherence: A comprehensive framework for clinical research and practice? A discussion paper","https://www.mendeley.com/reference-manager/library/all-references/db10b9a8-128a-3560-a59d-bbfb3ab89548","2007","Journal Article","International Journal of Nursing Studies","Elaine Lehane
Geraldine McCarthy","10.1016/J.IJNURSTU.2006.07.010","https://www.mendeley.com/reference-manager/library/all-references/db10b9a8-128a-3560-a59d-bbfb3ab89548","No","","","","","","","","","","","Mendeley","- **Relevance Score:** 0/100 - **Relevance Tag:** Not Relevant - **Reasoning:** Discusses intentional vs. unintentional medication non‑adherence; provides no framework, metrics, or decision‑making guidance for clinical‑trial complexity, feasibility, or site selection.","Non-adherence to medications is a prevalent and persistent healthcare problem, particularly for patients with a chronic disorder. Researchers have endeavoured to address poor adherence for the past five decades resulting in the accumulation of a vast body of literature. Despite the enormity of research conducted, interventions to date have neither been cost-effective nor predictably clinically effective in enhancing medication adherence. Though concerning, such contemporary information serves to refocus attention on the adequacy of knowledge regarding the factors influencing medication non-adherence. Although little consensus exists regarding the optimal categorisation of these influencing factors, increasingly, the broad and ‘all encompassing’ categorisation of intentional and unintentional factors is being used to account for patient medication-taking behaviours and actions. An extensive review of the related literature provides the basis for a critical discussion on the value and comprehensiveness of this current classification in guiding future adherence research and consequent clinical interventions. An appraisal of this categorisation is important if decisions regarding interventions are not to be made in a vacuum of insufficient understanding, which would result in the continued ineffective use and distribution of valuable resources to combat non-adherence.","","","",""
"Identification of patient-derived outcomes after aortic aneurysm repair","https://www.mendeley.com/reference-manager/library/all-references/1da6c69d-7756-3dc4-9362-622e2ce627a9","2014","Journal Article","Journal of Vascular Surgery","L Dubois
T V Novick
A H Power
G DeRose
T L Forbes","10.1016/j.jvs.2013.12.033","https://www.jvascsurg.org/article/S0741-5214(13)02308-2/pdf","No","","","","","","","","","","","Mendeley","- **Relevance Score:** 0/100 - **Relevance Tag:** Not Relevant - **Reasoning:** Identifies patient‑derived outcomes after aneurysm repair; does not propose a trial complexity framework, discuss complexity metrics, or link to feasibility/site‑selection decisions.","OBJECTIVE: Relatively few outcomes have been examined in randomized comparisons of endovascular and open aortic aneurysm repair, and no patient input was obtained in the selection of these outcomes. The aim of this study was to identify patient-derived, potentially novel outcomes that may be used to guide future clinical trials in aneurysm surgery. METHODS: Focus group interviews were conducted with patients who had undergone endovascular or open aortic aneurysm repair. The discussions were transcribed and the transcript was analyzed by two indexers using constant-comparison analysis and grounded theory to identify potentially novel, patient-derived outcomes. Other potential themes relating to the patients' experience and their decision-making were also sought. RESULTS: Six focus groups were conducted (three with endovascular aneurysm repair patients and three with open aortic aneurysm repair patients), with a median of six participants, 2 to 12 months from surgery. Functional outcomes were most commonly mentioned and emphasized by patients. Recovery time and energy level were most frequently verbalized as important in the decision-making process between endovascular and open aneurysm repair. Other potential outcomes identified as important to patients included postoperative pain, time to walking normally, loss of appetite, extent and location of incisions, impact on cognition, being able to go home after surgery, and impact on caregivers. In addition to these outcomes, we identified three themes relating to the patient's experience: undervaluing or underappreciating the risk of death during surgery, differing informational needs and level of involvement in decision-making, and unrealistic patient expectations about the risks of and recovery after the procedure. CONCLUSIONS: Functional outcomes emerged as most important during qualitative analysis of patients' experiences with aneurysm repair. Perceived differences in recovery time were identified as an important consideration for aneurysm patients in deciding between open and endovascular repair. More work needs to be done clarifying the concept of recovery and other related functional outcomes for the development of methods to assess and to evaluate these in prospective clinical trials.","","","",""
"Molecular and immune landscape of hepatocellular carcinoma to guide therapeutic decision-making.","https://pubmed.ncbi.nlm.nih.gov/37300379","2025","Journal Article","Hepatology (Baltimore, Md.)","Dhanasekaran
Suzuki
Lemaitre
Kubota
Hoshida","10.1097/HEP.0000000000000513","https://www.ncbi.nlm.nih.gov/pmc/articles/PMC10713867/pdf","Yes","","","37300379","PMC10713867","Sung H, Ferlay J, Siegel RL, Laversanne M, Soerjomataram I, Jemal A, Bray F. Global Cancer Statistics 2020: GLOBOCAN Estimates of Incidence and Mortality Worldwide for 36 Cancers in 185 Countries. CA: A Cancer Journal for Clinicians 2021;71:209–249.

Fujiwara N, Friedman SL, Goossens N, Hoshida Y. Risk factors and prevention of hepatocellular carcinoma in the era of precision medicine. J. Hepatol 2018;68:526–549.

Mullangi S, Keesari PR, Zaher A, Pulakurthi YS, Adusei Poku F, Rajeev A, Vidiyala PL, et al. Epidemiology and Outcomes of Hospitalizations Due to Hepatocellular Carcinoma. Cureus 2021;13:e20089.

Huang DQ, Singal AG, Kono Y, Tan DJH, El-Serag HB, Loomba R. Changing global epidemiology of liver cancer from 2010 to 2019: NASH is the fastest growing cause of liver cancer. Cell Metabolism 2022.

Reig M, Forner A, Rimola J, Ferrer-Fàbrega J, Burrel M, Garcia-Criado Á, Kelley RK, et al. BCLC strategy for prognosis prediction and treatment recommendation: The 2022 update. J. Hepatol 2022;76:681–693.

Franco RA, Fan Y, Jarosek S, Bae S, Galbraith J. Racial and Geographic Disparities in Hepatocellular Carcinoma Outcomes. Am. J. Prev. Med 2018;55:S40–S48.

Ferlay J EMLFCMMLPMZASIBF. Global Cancer Observatory: Cancer Today.

Rich NE, Murphy CC, Yopp AC, Tiro J, Marrero JA, Singal AG. Sex disparities in presentation and prognosis of 1110 patients with hepatocellular carcinoma. Aliment. Pharmacol. Ther 2020;52:701–709.

Li Y, Xu A, Jia S, Huang J. Recent advances in the molecular mechanism of sex disparity in hepatocellular carcinoma. Oncol Lett 2019;17:4222–4228.

Mirshahi F, Aqbi HF, Isbell M, Manjili SH, Guo C, Saneshaw M, Bandyopadhyay D, et al. Distinct hepatic immunological patterns are associated with the progression or inhibition of hepatocellular carcinoma. Cell Repression. 2022;38:110454.

Rich NE, Carr C, Yopp AC, Marrero JA, Singal AG. Racial and Ethnic Disparities in Survival Among Patients With Hepatocellular Carcinoma in the United States: A Systematic Review and Meta-Analysis. Clin. Gastroenterol. Hepatol 2022;20:e267–e288.

Alvarez CS, Petrick JL, Parisi D, McMahon BJ, Graubard BI, McGlynn KA. Racial/ethnic disparities in hepatocellular carcinoma incidence and mortality rates in the United States, 1992-2018. Hepatology 2022;76:589–598.

Ahn JC, Lauzon M, Luu M, Noureddin M, Ayoub W, Kuo A, Sundaram V, et al. Racial and ethnic disparities in early treatment with immunotherapy for advanced HCC in the United States. Hepatology 2022;76:1649–1659.

Kardashian A, Serper M, Terrault N, Nephew LD. Health disparities in chronic liver disease. Hepatology 2023;77:1382–1403.

Yang J, Pan G, Guan L, Liu Z, Wu Y, Liu Z, Lu W, et al. The burden of primary liver cancer caused by specific etiologies from 1990 to 2019 at the global, regional, and national levels. Cancer Med. 2022;11:1357–1370.

Collaborators GBDHB. Global, regional, and national burden of hepatitis B, 1990-2019: a systematic analysis for the Global Burden of Disease Study 2019. Lancet Gastroenterol Hepatol 2022;7:796–829.

Ioannou GN, Beste LA, Green PK, Singal AG, Tapper EB, Waljee AK, Sterling RK, et al. Increased Risk for Hepatocellular Carcinoma Persists Up to 10 Years After HCV Eradication in Patients With Baseline Cirrhosis or High FIB-4 Scores. Gastroenterology 2019;157:1264–1278.e1264.

Younossi ZM, Stepanova M, Younossi Y, Golabi P, Mishra A, Rafiq N, Henry L. Epidemiology of chronic liver diseases in the USA in the past three decades. Gut 2020;69:564–568.

Estes C, Razavi H, Loomba R, Younossi Z, Sanyal AJ. Modeling the epidemic of nonalcoholic fatty liver disease demonstrates an exponential increase in burden of disease. Hepatology 2018;67:123–133.

Diseases GBD, Injuries C. Global burden of 369 diseases and injuries in 204 countries and territories, 1990-2019: a systematic analysis for the Global Burden of Disease Study 2019. Lancet 2020;396:1204–1222.

Lee Y-T, Fujiwara N, Yang JD, Hoshida Y. Risk stratification and early detection biomarkers for precision HCC screening. Hepatology 2022.

Bruix J, Cheng A-L, Meinhardt G, Nakajima K, De Sanctis Y, Llovet J. Prognostic factors and predictors of sorafenib benefit in patients with hepatocellular carcinoma: Analysis of two phase III studies. J. Hepatol 2017;67:999–1008.

Li B, Yan C, Zhu J, Chen X, Fu Q, Zhang H, Tong Z, et al. Anti-PD-1/PD-L1 Blockade Immunotherapy Employed in Treating Hepatitis B Virus Infection-Related Advanced Hepatocellular Carcinoma: A Literature Review. Front. Immunol 2020;11:1037.

Ding Z, Dong Z, Chen Z, Hong J, Yan L, Li H, Yao S, et al. Viral Status and Efficacy of Immunotherapy in Hepatocellular Carcinoma: A Systematic Review With Meta-Analysis. Front. Immunol 2021;12:733530.

Cheng Y, Gunasegaran B, Singh HD, Dutertre C-A, Loh CY, Lim JQ, Crawford JC, et al. Non-terminally exhausted tumor-resident memory HBV-specific T cell responses correlate with relapse-free survival in hepatocellular carcinoma. Immunity 2021;54:1825–1840.e1827.

Pfister D, Núñez NG, Pinyol R, Govaere O, Pinter M, Szydlowska M, Gupta R, et al. NASH limits anti-tumour surveillance in immunotherapy-treated HCC. Nature 2021;592:450–456.

Kelley RK, Greten TF. Hepatocellular Carcinoma - Origins and Outcomes. N. Engl. J. Med 2021;385:280–282.

Comprehensive and Integrative Genomic Characterization of Hepatocellular Carcinoma. Cell 2017;169:1327–1341.e1323.

Fujimoto A, Furuta M, Totoki Y, Tsunoda T, Kato M, Shiraishi Y, Tanaka H, et al. Whole-genome mutational landscape and characterization of noncoding and structural mutations in liver cancer. Nat. Genet 2016;48:500–509.

Schulze K, Imbeaud S, Letouze E, Alexandrov LB, Calderaro J, Rebouissou S, Couchy G, et al. Exome sequencing of hepatocellular carcinomas identifies new mutational signatures and potential therapeutic targets. Nat. Genet 2015;47:505–511.

Totoki Y, Tatsuno K, Covington KR, Ueda H, Creighton CJ, Kato M, Tsuji S, et al. Trans-ancestry mutational landscape of hepatocellular carcinoma genomes. Nat. Genet 2014;46:1267–1273.

Jhunjhunwala S, Jiang Z, Stawiski EW, Gnad F, Liu J, Mayba O, Du P, et al. Diverse modes of genomic alteration in hepatocellular carcinoma. Genome Biol. 2014;15:436.

Huang J, Deng Q, Wang Q, Li K-Y, Dai J-H, Li N, Zhu Z-D, et al. Exome sequencing of hepatitis B virus-associated hepatocellular carcinoma. Nat. Genet 2012;44:1117–1121.

Nault J-C, Martin Y, Caruso S, Hirsch TZ, Bayard Q, Calderaro J, Charpy C, et al. Clinical Impact of Genomic Diversity From Early to Advanced Hepatocellular Carcinoma. Hepatology 2020;71:164–182.

Zhang Q, He Y, Luo N, Patel SJ, Han Y, Gao R, Modak M, et al. Landscape and Dynamics of Single Immune Cells in Hepatocellular Carcinoma. Cell 2019;179:829–845.e820.

Lu Y, Yang A, Quan C, Zhang H, Pan Y, Li Y, Gao C, et al. A Single-Cell Atlas of the Multicellular Ecosystem of Primary and Metastatic Hepatocellular Carcinoma. SSRN Electronic Journal.

Sharma A. A single-cell atlas of hepatocellular carcinoma. Journal of Global Oncology 2019;5:46–46.

Sun Y, Wu L, Zhong Y, Zhou K, Hou Y, Wang Z, Zhang Z, et al. Single-cell landscape of the ecosystem in early-relapse hepatocellular carcinoma. Cell 2021;184:404–421.e416.

Yao F, Zhan Y, Li C, Lu Y, Chen J, Deng J, Wu Z, et al. Single-Cell RNA Sequencing Reveals the Role of Phosphorylation-Related Genes in Hepatocellular Carcinoma Stem Cells. Front Cell Dev Biol 2021;9:734287.

Hanahan D. Hallmarks of Cancer: New Dimensions. Cancer Discov. 2022;12:31–46.

Perez S, Lavi-Itzkovitz A, Gidoni M, Domovitz T, Dabour R, Khurana I, Davidovich A, et al. High-Resolution Genomic Profiling of Liver Cancer Links Etiology With Mutation and Epigenetic Signatures. Cell Mol Gastroenterol Hepatol 2023.

Huang MN, Yu W, Teoh WW, Ardin M, Jusakul A, Ng AWT, Boot A, et al. Genome-scale mutational signatures of aflatoxin in cells, mice, and human tumors. Genome Res 2017;27:1475–1486.

Lu ZN, Luo Q, Zhao LN, Shi Y, Wang N, Wang L, Han ZG. The Mutational Features of Aristolochic Acid-Induced Mouse and Human Liver Cancers. Hepatology 2020;71:929–942.

Letouze E, Shinde J, Renault V, Couchy G, Blanc JF, Tubacher E, Bayard Q, et al. Mutational signatures reveal the dynamic interplay of risk factors and cellular processes during liver tumorigenesis. Nat Commun 2017;8:1315.

Trepo E, Caruso S, Yang J, Imbeaud S, Couchy G, Bayard Q, Letouze E, et al. Common genetic variation in alcohol-related hepatocellular carcinoma: a case-control genome-wide association study. Lancet Oncol 2022;23:161–171.

Sieverling L, Hong C, Koser SD, Ginsbach P, Kleinheinz K, Hutter B, Braun DM, et al. Genomic footprints of activated telomere maintenance mechanisms in cancer. Nat. Commun 2020;11:733.

Sze KM-F, Ho DW-H, Chiu Y-T, Tsui Y-M, Chan L-K, Lee JM-F, Chok KS-H, et al. Hepatitis B Virus-Telomerase Reverse Transcriptase Promoter Integration Harnesses Host ELF4, Resulting in Telomerase Reverse Transcriptase Gene Transcription in Hepatocellular Carcinoma. Hepatology 2021;73:23–40.

Torrecilla S, Sia D, Harrington AN, Zhang Z, Cabellos L, Cornella H, Moeini A, et al. Trunk mutational events present minimal intra- and inter-tumoral heterogeneity in hepatocellular carcinoma. J. Hepatol 2017;67:1222–1231.

Nault JC, Mallet M, Pilati C, Calderaro J, Bioulac-Sage P, Laurent C, Laurent A, et al. High frequency of telomerase reverse-transcriptase promoter somatic mutations in hepatocellular carcinoma and preneoplastic lesions. Nat. Commun 2013;4:2218.

Trung NT, Hoan NX, Trung PQ, Binh MT, Van Tong H, Toan NL, Bang MH, et al. Clinical significance of combined circulating TERT promoter mutations and miR-122 expression for screening HBV-related hepatocellular carcinoma. Sci. Rep 2020;10:8181.

Jiao J, Watt GP, Stevenson HL, Calderone TL, Fisher-Hoch SP, Ye Y, Wu X, et al. Telomerase reverse transcriptase mutations in plasma DNA in patients with hepatocellular carcinoma or cirrhosis: Prevalence and risk factors. Hepatology Communications 2018;2:718–731.

Yu JI, Choi C, Ha SY, Park C-K, Kang SY, Joh J-W, Paik SW, et al. Clinical importance of TERT overexpression in hepatocellular carcinoma treated with curative surgical resection in HBV endemic area. Sci. Rep 2017;7:12258.

Cheng Y, Huang M, Xie W, Gao C, Cai S, Ji J, Pan M. Chromosome 8q24 amplification predicts prognosis for patients with advanced hepatocellular carcinoma (HCC). Journal of Clinical Oncology 2019;37:e15654–e15654.

Li X, Xu W, Kang W, Wong SH, Wang M, Zhou Y, Fang X, et al. Genomic analysis of liver cancer unveils novel driver genes and distinct prognostic features. Theranostics 2018;8:1740–1751.

Buch S, Innes H, Lutz PL, Nischalke HD, Marquardt JU, Fischer J, Weiss KH, et al. Genetic variation in modifies the risk of hepatocellular carcinoma in alcohol-related cirrhosis: results from a genome-wide case-control study. Gut 2023;72:381–391.

Ningarhari M, Caruso S, Hirsch TZ, Bayard Q, Franconi A, Védie A-L, Noblet B, et al. Telomere length is key to hepatocellular carcinoma diversity and telomerase addiction is an actionable therapeutic target. J. Hepatol 2021;74:1155–1166.

Gao J, Pickett HA. Targeting telomeres: advances in telomere maintenance mechanism-specific cancer therapies. Nat. Rev. Cancer 2022;22:515–532.

Mender I, Siteni S, Barron S, Flusche AM, Kubota N, Yu C, Cornelius C, et al. Activating an Adaptive Immune Response with a Telomerase-mediated Telomere Targeting Therapeutic in Hepatocellular Carcinoma. Mol Cancer Ther 2023.

Panday R, Monckton CP, Khetani SR. The Role of Liver Zonation in Physiology, Regeneration, and Disease. Semin. Liver Dis 2022;42:1–16.

Wang W, Pan Q, Fuhler GM, Smits R, Peppelenbosch MP. Action and function of Wnt/β-catenin signaling in the progression from chronic hepatitis C to hepatocellular carcinoma. J. Gastroenterol 2017;52:419–431.

Waisberg J. Wnt−/−β-catenin pathway signaling in human hepatocellular carcinoma. World Journal of Hepatology 2015;7:2631.

Xu C, Xu Z, Zhang Y, Evert M, Calvisi DF, Chen X. β-Catenin signaling in hepatocellular carcinoma. J. Clin. Invest 2022;132.

Candia J, Bayarsaikhan E, Tandon M, Budhu A, Forgues M, Tovuu LO, Tudev U, et al. The genomic landscape of Mongolian hepatocellular carcinoma. Nat Commun 2020;11:4383.

Boyault S, Rickman DS, de Reynies A, Balabaud C, Rebouissou S, Jeannot E, Herault A, et al. Transcriptome classification of HCC is related to gene alterations and to new therapeutic targets. Hepatology 2007;45:42–52.

Désert R, Rohart F, Canal F, Sicard M, Desille M, Renaud S, Turlin B, et al. Human hepatocellular carcinomas with a periportal phenotype have the lowest potential for early recurrence after curative resection. Hepatology 2017;66:1502–1518.

Zhao H, Ming T, Tang S, Ren S, Yang H, Liu M, Tao Q, et al. Wnt signaling in colorectal cancer: pathogenic role and therapeutic target. Mol. Cancer 2022;21:144.

Hoshida Y, Nijman SMB, Kobayashi M, Chan JA, Brunet J-P, Chiang DY, Villanueva A, et al. Integrative transcriptome analysis reveals common molecular subclasses of human hepatocellular carcinoma. Cancer Res. 2009;69:7385–7392.

Selvaggi F, Catalano T, Cotellese R, Aceto GM. Targeting Wnt/β-Catenin Pathways in Primary Liver Tumours: From Microenvironment Signaling to Therapeutic Agents. Cancers 2022;14.

Duspara K, Bojanic K, Pejic JI, Kuna L, Kolaric TO, Nincevic V, Smolic R, et al. Targeting the Wnt Signaling Pathway in Liver Fibrosis for Drug Options: An Update. J Clin Transl Hepatol 2021;9:960–971.

Bouaoun L, Sonkin D, Ardin M, Hollstein M, Byrnes G, Zavadil J, Olivier M. TP53 Variations in Human Cancers: New Lessons from the IARC TP53 Database and Genomics Data. Hum. Mutat 2016;37:865–876.

Tadahisa Teramoto KSSKTFKH, Sakan M. p53 Gene Abnormalities Are Closely Related to Hepatoviral Infections and Occur at a Late Stage of Hepatocarcinogenesis. Cancer Res. 1994;54.

Zhang W, He H, Zang M, Wu Q, Zhao H, Lu L-L, Ma P, et al. Genetic Features of Aflatoxin-Associated Hepatocellular Carcinoma. Gastroenterology 2017;153:249–262.e242.

Chaisaingmongkol J, Budhu A, Dang H, Rabibhadana S, Pupacdi B, Kwon SM, Forgues M, et al. Common Molecular Subtypes Among Asian Hepatocellular Carcinoma and Cholangiocarcinoma. Cancer Cell 2017;32:57–70.e53.

Kancherla V, Abdullazade S, Matter MS, Lanzafame M, Quagliata L, Roma G, Hoshida Y, et al. Genomic Analysis Revealed New Oncogenic Signatures in TP53-Mutant Hepatocellular Carcinoma. Frontiers in Genetics 2018;9.

Yang T, Choi Y, Joh JW, Cho SK, Kim D-S, Park S-G. Phosphorylation of p53 Serine 15 Is a Predictor of Survival for Patients with Hepatocellular Carcinoma. Can J Gastroenterol Hepatol 2019;2019:9015453.

Ma Z, Guo D, Wang Q, Liu P, Xiao Y, Wu P, Wang Y, et al. Lgr5-mediated p53 Repression through PDCD5 leads to doxorubicin resistance in Hepatocellular Carcinoma. Theranostics 2019;9:2967–2983.

Kopanja D, Huang S, Al Raheed MRH, Guzman G, Raychaudhuri P. p19Arf inhibits aggressive progression of H-ras-driven hepatocellular carcinoma. Carcinogenesis 2018;39:318–326.

Zhu Z-Z, Bao L-L, Zhao K, Xu Q, Zhu J-Y, Zhu K-X, Wen B-J, et al. Copy Number Aberrations of Multiple Genes Identified as Prognostic Markers for Extrahepatic Metastasis-free Survival of Patients with Hepatocellular Carcinoma. Curr Med Sci 2019;39:759–765.

Dhar D, Antonucci L, Nakagawa H, Kim JY, Glitzner E, Caruso S, Shalapour S, et al. Liver Cancer Initiation Requires p53 Inhibition by CD44-Enhanced Growth Factor Signaling. Cancer Cell 2018;33:1061–1077.e1066.

Duffy MJ, Tang M, Rajaram S, O'Grady S, Crown J. Targeting Mutant p53 for Cancer Treatment: Moving Closer to Clinical Use? Cancers 2022;14.

Zhou X, Singh M, Sanz Santos G, Guerlavais V, Carvajal LA, Aivado M, Zhan Y, et al. Pharmacologic Activation of p53 Triggers Viral Mimicry Response Thereby Abolishing Tumor Immune Evasion and Promoting Antitumor Immunity. Cancer Discov. 2021;11:3090–3105.

Vasileiou G, Ekici AB, Uebe S, Zweier C, Hoyer J, Engels H, Behrens J, et al. Chromatin-Remodeling-Factor ARID1B Represses Wnt/β-Catenin Signaling. Am. J. Hum. Genet 2015;97:445–456.

Li, Li L, Rao X, Wen Z, Ding X, Wang X, Xu W, et al. Implications of driver genes associated with a high tumor mutation burden identified using next-generation sequencing on immunotherapy in hepatocellular carcinoma. Oncology Letters 2020.

Peng Y, Gao B, Zhou Z, Chen T, Xie W, Huang M, Li W. Hepatocellular carcinoma with ARID1A mutation is associated with higher TMB and poor survival. Journal of Clinical Oncology 2020;38:e16667–e16667.

Hu C, Li W, Tian F, Jiang K, Liu X, Cen J, He Q, et al. Arid1a regulates response to anti-angiogenic therapy in advanced hepatocellular carcinoma. J. Hepatol 2018;68:465–475.

Samstein RM, Lee C-H, Shoushtari AN, Hellmann MD, Shen R, Janjigian YY, Barron DA, et al. Tumor mutational load predicts survival after immunotherapy across multiple cancer types. Nat. Genet 2019;51:202–206.

Zhu Y, Yan C, Wang X, Xu Z, Lv J, Xu X, Yu W, et al. Pan-cancer analysis of ARID family members as novel biomarkers for immune checkpoint inhibitor therapy. Cancer Biol. Ther 2022;23:104–111.

Wang N, Qin Y, Du F, Wang X, Song C. Prevalence of SWI/SNF genomic alterations in cancer and association with the response to immune checkpoint inhibitors: A systematic review and meta-analysis. Gene 2022;834:146638.

Sun X, Wang SC, Wei Y, Luo X, Jia Y, Li L, Gopal P, et al. Arid1a Has Context-Dependent Oncogenic and Tumor Suppressor Functions in Liver Cancer. Cancer Cell 2017;32:574–589.e576.

Wang Z, Chen K, Jia Y, Chuang J-C, Sun X, Lin Y-H, Celen C, et al. Dual ARID1A/ARID1B loss leads to rapid carcinogenesis and disruptive redistribution of BAF complexes. Nat Cancer 2020;1:909–922.

Odnokoz O, Wavelet-Vermuse C, Hophan SL, Bulun S, Wan Y. ARID1 proteins: from transcriptional and post-translational regulation to carcinogenesis and potential therapeutics. Epigenomics 2021;13:809–823.

Schaub FX, Dhankani V, Berger AC, Trivedi M, Richardson AB, Shaw R, Zhao W, et al. Pan-cancer Alterations of the MYC Oncogene and Its Proximal Network across the Cancer Genome Atlas. Cell Syst 2018;6:282–300.e282.

Sequera C, Grattarola M, Holczbauer A, Dono R, Pizzimenti S, Barrera G, Wangensteen KJ, et al. MYC and MET cooperatively drive hepatocellular carcinoma with distinct molecular traits and vulnerabilities. Cell Death Dis. 2022;13:994.

Wang H, Zhang S, Zhang Y, Jia J, Wang J, Liu X, Zhang J, et al. TAZ is indispensable for c-MYC-induced hepatocarcinogenesis. J. Hepatol 2022;76:123–134.

Dhanasekaran R, Baylot V, Kim M, Kuruvilla S, Bellovin DI, Adeniji N, Rajan Kd A, et al. and cooperate to drive metastasis by eliciting crosstalk between cancer and innate immunity. Elife 2020;9.

Wang H, Wang P, Xu M, Song X, Wu H, Evert M, Calvisi DF, et al. Distinct functions of transforming growth factor-β signaling in c-MYC driven hepatocellular carcinoma initiation and progression. Cell Death Dis. 2021;12:200.

Dhanasekaran R, Park J, Yevtodiyenko A, Bellovin DI, Adam SJ, Kd AR, Gabay M, et al. MYC ASO Impedes Tumorigenesis and Elicits Oncogene Addiction in Autochthonous Transgenic Mouse Models of HCC and RCC. Mol. Ther. Nucleic Acids 2020;21:850–859.

Dhanasekaran R, Hansen AS, Park J, Lemaitre L, Lai I, Adeniji N, Kuruvilla S, et al. MYC Overexpression Drives Immune Evasion in Hepatocellular Carcinoma that is Reversible Through Restoration of Pro-Inflammatory Macrophages. Cancer Res. 2022.

Llombart V, Mansour MR. Therapeutic targeting of ""undruggable"" MYC. EBioMedicine 2022;75:103756.

Dhanasekaran R, Deutzmann A, Mahauad-Fernandez WD, Hansen AS, Gouw AM, Felsher DW. The MYC oncogene — the grand orchestrator of cancer growth and immune evasion. Nature Reviews Clinical Oncology 2022;19:23–36.

Cuadrado A, Rojo AI, Wells G, Hayes JD, Cousin SP, Rumsey WL, Attucks OC, et al. Therapeutic targeting of the NRF2 and KEAP1 partnership in chronic diseases. Nat. Rev. Drug Discov 2019;18:295–317.

Tao J, Krutsenko Y, Moghe A, Singh S, Poddar M, Bell A, Oertel M, et al. Nuclear factor erythroid 2-related factor 2 and β-Catenin Coactivation in Hepatocellular Cancer: Biological and Therapeutic Implications. Hepatology 2021;74:741–759.

Jiao J, Sanchez JI, Thompson EJ, Mao X, McCormick JB, Fisher-Hoch SP, Futreal PA, et al. Somatic Mutations in Circulating Cell-Free DNA and Risk for Hepatocellular Carcinoma in Hispanics. Int. J. Mol. Sci 2021;22.

Zaidi S, Gough NR, Mishra L. Mechanisms and clinical significance of TGF-β in hepatocellular cancer progression. Adv. Cancer Res 2022;156:227–248.

Kelley RK, Gane E, Assenat E, Siebler J, Galle PR, Merle P, Hourmand IO, et al. A Phase 2 Study of Galunisertib (TGF-β1 Receptor Type I Inhibitor) and Sorafenib in Patients With Advanced Hepatocellular Carcinoma. Clin. Transl. Gastroenterol 2019;10:e00056.

Harding JJ, Do RK, Yaqubie A, Cleverly A, Zhao Y, Gueorguieva I, Lahn M, et al. Phase 1b study of galunisertib and ramucirumab in patients with advanced hepatocellular carcinoma. Cancer Med. 2021;10:3059–3067.

Katayama R, Aoyama A, Yamori T, Qi J, Oh-hara T, Song Y, Engelman JA, et al. Cytotoxic activity of tivantinib (ARQ 197) is not due solely to c-MET inhibition. Cancer Res 2013;73:3087–3096.

Basilico C, Pennacchietti S, Vigna E, Chiriaco C, Arena S, Bardelli A, Valdembri D, et al. Tivantinib (ARQ197) displays cytotoxic activity that is independent of its ability to bind MET. Clin Cancer Res 2013;19:2381–2392.

Rimassa L, Assenat E, Peck-Radosavljevic M, Pracht M, Zagonel V, Mathurin P, Rota Caremoli E, et al. Tivantinib for second-line treatment of MET-high, advanced hepatocellular carcinoma (METIV-HCC): a final analysis of a phase 3, randomised, placebo-controlled study. Lancet Oncol 2018;19:682–693.

Ng CKY, Dazert E, Boldanova T, Coto-Llerena M, Nuciforo S, Ercan C, Suslov A, et al. Integrative proteogenomic characterization of hepatocellular carcinoma across etiologies and stages. Nat. Commun 2022;13:2436.

Wu J, Xue R, Jiang R-T, Meng Q-H. Characterization of metabolic landscape in hepatocellular carcinoma. World J. Gastrointest. Oncol 2021;13:1144–1156.

Vishnoi K, Kumar S, Ke R, Rana A, Rana B. Dysregulation of immune checkpoint proteins in hepatocellular carcinoma: Impact on metabolic reprogramming. Curr. Opin. Pharmacol 2022;64:102232.

Lally JSV, Ghoshal S, DePeralta DK, Moaven O, Wei L, Masia R, Erstad DJ, et al. Inhibition of Acetyl-CoA Carboxylase by Phosphorylation or the Inhibitor ND-654 Suppresses Lipogenesis and Hepatocellular Carcinoma. Cell Metab. 2019;29:174–182.e175.

An J, Oh M, Kim S-Y, Oh Y-J, Oh B, Oh J-H, Kim W, et al. PET-Based Radiogenomics Supports mTOR Pathway Targeting for Hepatocellular Carcinoma. Clin. Cancer Res 2022;28:1821–1831.

Lee JH, Shin DH, Park WY, Shin N, Kim A, Lee HJ, Kim YK, et al. IDH1 R132C mutation is detected in clear cell hepatocellular carcinoma by pyrosequencing. World J. Surg. Oncol 2017;15:82.

Tian W, Zhang W, Wang Y, Jin R, Wang Y, Guo H, Tang Y, et al. Recent advances of IDH1 mutant inhibitor in cancer therapy. Front. Pharmacol 2022;13:982424.

Massalha H, Bahar Halpern K, Abu-Gazala S, Jana T, Massasa EE, Moor AE, Buchauer L, et al. A single cell atlas of the human liver tumor microenvironment. Mol. Syst. Biol 2020;16:e9682.

Ruiz de Galarreta M, Bresnahan E, Molina-Sanchez P, Lindblad KE, Maier B, Sia D, Puigvehi M, et al. beta-Catenin Activation Promotes Immune Escape and Resistance to Anti-PD-1 Therapy in Hepatocellular Carcinoma. Cancer Discov 2019;9:1124–1141.

Li F, Tian Z. The liver works as a school to educate regulatory immune cells. Cell. Mol. Immunol 2013;10:292–302.

Knolle PA. Staying local-antigen presentation in the liver. Curr. Opin. Immunol 2016;40:36–42.

Doherty DG. Immunity, tolerance and autoimmunity in the liver: A comprehensive review. J. Autoimmun 2016;66:60–75.

Nguyen PHD, Wasser M, Tan CT, Lim CJ, Lai HLH, Seow JJW, DasGupta R, et al. Trajectory of immune evasion and cancer progression in hepatocellular carcinoma. Nat. Commun 2022;13:1441.

Ma L, Hernandez MO, Zhao Y, Mehta M, Tran B, Kelly M, Rae Z, et al. Tumor Cell Biodiversity Drives Microenvironmental Reprogramming in Liver Cancer. Cancer Cell 2019;36:418–430.e416.

Khatib SA, Ma L, Dang H, Forgues M, Chung J-Y, Ylaya K, Hewitt SM, et al. Single-cell biology uncovers apoptotic cell death and its spatial organization as a potential modifier of tumor diversity in HCC. Hepatology 2022;76:599–611.

Nguyen PHD, Ma S, Phua CZJ, Kaya NA, Lai HLH, Lim CJ, Lim JQ, et al. Intratumoural immune heterogeneity as a hallmark of tumour evolution and progression in hepatocellular carcinoma. Nat. Commun 2021;12:227.

Bai Y, Chen D, Cheng C, Li Z, Chi H, Zhang Y, Zhang X, et al. Immunosuppressive landscape in hepatocellular carcinoma revealed by single-cell sequencing. Front. Immunol 2022;13:950536.

Cheng S, Li Z, Gao R, Xing B, Gao Y, Yang Y, Qin S, et al. A pan-cancer single-cell transcriptional atlas of tumor infiltrating myeloid cells. Cell 2021;184:792–809.e723.

Zhou L, Wang M, Guo H, Hou J, Zhang Y, Li M, Wu X, et al. Integrated Analysis Highlights the Immunosuppressive Role of TREM2 Macrophages in Hepatocellular Carcinoma. Front. Immunol 2022;13:848367.

Sharma A, Seow JJW, Dutertre C-A, Pai R, Blériot C, Mishra A, Wong RMM, et al. Onco-fetal Reprogramming of Endothelial Cells Drives Immunosuppressive Macrophages in Hepatocellular Carcinoma. Cell 2020;183:377–394.e321.

Ho DW-H, Tsui Y-M, Chan L-K, Sze KM-F, Zhang X, Cheu JW-S, Chiu Y-T, et al. Single-cell RNA sequencing shows the immunosuppressive landscape and tumor heterogeneity of HBV-associated hepatocellular carcinoma. Nat. Commun 2021;12:3684.

Jacquelot N, Seillet C, Vivier E, Belz GT. Innate lymphoid cells and cancer. Nat. Immunol 2022;23:371–379.

Heinrich B, Gertz EM, Schäffer AA, Craig A, Ruf B, Subramanyam V, McVey JC, et al. The tumour microenvironment shapes innate lymphoid cells in patients with hepatocellular carcinoma. Gut 2022;71:1161–1175.

He Y, Luo J, Zhang G, Jin Y, Wang N, Lu J, Li C, et al. Single-cell profiling of human CD127 innate lymphoid cells reveals diverse immune phenotypes in hepatocellular carcinoma. Hepatology 2022;76:1013–1029.

Malehmir M, Pfister D, Gallage S, Szydlowska M, Inverso D, Kotsiliti E, Leone V, et al. Platelet GPIbα is a mediator and potential interventional target for NASH and subsequent liver cancer. Nat. Med 2019;25:641–655.

Ma C, Fu Q, Diggs LP, McVey JC, McCallen J, Wabitsch S, Ruf B, et al. Platelets control liver tumor growth through P2Y12-dependent CD40L release in NAFLD. Cancer Cell 2022;40:986–998.e985.

Yang F, Wei Y, Han D, Li Y, Shi S, Jiao D, Wu J, et al. Interaction with CD68 and Regulation of GAS6 Expression by Endosialin in Fibroblasts Drives Recruitment and Polarization of Macrophages in Hepatocellular Carcinoma. Cancer Res. 2020;80:3892–3905.

Higashi T, Friedman SL, Hoshida Y. Hepatic stellate cells as key target in liver fibrosis. Adv. Drug Deliv. Rev 2017;121:27–42.

Filliol A, Saito Y, Nair A, Dapito DH, Yu L-X, Ravichandra A, Bhattacharjee S, et al. Opposing roles of hepatic stellate cell subpopulations in hepatocarcinogenesis. Nature 2022;610:356–365.

Chiavarina B, Ronca R, Otaka Y, Sutton RB, Rezzola S, Yokobori T, Chiodelli P, et al. Fibroblast-derived prolargin is a tumor suppressor in hepatocellular carcinoma. Oncogene 2022;41:1410–1420.

Song M, He J, Pan Q-Z, Yang J, Zhao J, Zhang Y-J, Huang Y, et al. Cancer-Associated Fibroblast-Mediated Cellular Crosstalk Supports Hepatocellular Carcinoma Progression. Hepatology 2021;73:1717–1735.

Suresh A, Dhanasekaran R. Implications of genetic heterogeneity in hepatocellular cancer. Advances in Cancer Research 2022.

Zhu AX, Abbas AR, de Galarreta MR, Guan Y, Lu S, Koeppen H, Zhang W, et al. Molecular correlates of clinical response and resistance to atezolizumab in combination with bevacizumab in advanced hepatocellular carcinoma. Nat. Med 2022;28:1599–1611.

Marusyk A, Janiszewska M, Polyak K. Intratumor Heterogeneity: The Rosetta Stone of Therapy Resistance. Cancer Cell 2020;37:471–484.

Seth S, Li C-Y, Ho IL, Corti D, Loponte S, Sapio L, Del Poggetto E, et al. Pre-existing Functional Heterogeneity of Tumorigenic Compartment as the Origin of Chemoresistance in Pancreatic Tumors. Cell Rep. 2019;26:1518–1532.e1519.

Sharma SV, Lee DY, Li B, Quinlan MP, Takahashi F, Maheswaran S, McDermott U, et al. A chromatin-mediated reversible drug-tolerant state in cancer cell subpopulations. Cell 2010;141:69–80.

Khatib S, Pomyen Y, Dang H, Wang XW. Understanding the Cause and Consequence of Tumor Heterogeneity. Trends Cancer Res. 2020;6:267–271.

Dhanasekaran R, Nault J-C, Roberts LR, Zucman-Rossi J. Genomic Medicine and Implications for Hepatocellular Carcinoma Prevention and Therapy. Gastroenterology 2019;156:492–509.

Guo L, Yi X, Chen L, Zhang T, Guo H, Chen Z, Cheng J, et al. Single-Cell DNA Sequencing Reveals Punctuated and Gradual Clonal Evolution in Hepatocellular Carcinoma. Gastroenterology 2022;162:238–252.

Nakagawa S, Wei L, Song WM, Higashi T, Ghoshal S, Kim RS, Bian CB, et al. Molecular Liver Cancer Prevention in Cirrhosis by Organ Transcriptome Analysis and Lysophosphatidic Acid Pathway Inhibition. Cancer Cell 2016;30:879–890.

Sheng J, Zhang J, Wang L, Tano V, Tang J, Wang X, Wu J, et al. Topological analysis of hepatocellular carcinoma tumour microenvironment based on imaging mass cytometry reveals cellular neighbourhood regulated reversely by macrophages with different ontogeny. Gut 2022;71:1176–1191.

Fernandez-Barrena MG, Arechederra M, Colyn L, Berasain C, Avila MA. Epigenetics in hepatocellular carcinoma development and therapy: The tip of the iceberg. JHEP Rep 2020;2:100167.

Yinzhong W, Miaomiao W, Xiaoxue T, Qian W, Meng Q, Junqiang L. Diagnostic accuracy of circulating-free DNA for the determination of hepatocellular carcinoma: a systematic review and meta-analysis. Expert Rev Mol Diagn 2023;23:63–69.

Lee YT, Fujiwara N, Yang JD, Hoshida Y. Risk stratification and early detection biomarkers for precision hepatocellular carcinoma screening. Hepatology 2022.

Bayo J, Fiore EJ, Dominguez LM, Real A, Malvicini M, Rizzo M, Atorrasagasti C, et al. A comprehensive study of epigenetic alterations in hepatocellular carcinoma identifies potential therapeutic targets. J Hepatol 2019;71:78–90.

Chen M, Fang Y, Liang M, Zhang N, Zhang X, Xu L, Ren X, et al. The activation of mTOR signalling modulates DNA methylation by enhancing DNMT1 translation in hepatocellular carcinoma. J Transl Med 2023;21:276.

Wang J, Yang B, Wang D, Han R, Bi Z, Lin L. GARS is implicated in poor survival and immune infiltration of hepatocellular carcinoma. Cell Signal 2022;94:110302.

Akce M, El-Rayes BF, Wajapeyee N. Combinatorial targeting of immune checkpoints and epigenetic regulators for hepatocellular carcinoma therapy. Oncogene 2023;42:1051–1057.

Jiang Y, Sun A, Zhao Y, Ying W, Sun H, Yang X, Xing B, et al. Proteomics identifies new therapeutic targets of early-stage hepatocellular carcinoma. Nature 2019;567:257–261.

Lee SH, Yim SY, Jeong YS, Li QX, Kang SH, Sohn BH, Kumar SV, et al. Consensus subtypes of hepatocellular carcinoma associated with clinical outcomes and genomic phenotypes. Hepatology 2022;76:1634–1648.

Tan PS, Nakagawa S, Goossens N, Venkatesh A, Huang T, Ward SC, Sun X, et al. Clinicopathological indices to predict hepatocellular carcinoma molecular classification. Liver Int. 2016;36:108–118.

Calderaro J, Couchy G, Imbeaud S, Amaddeo G, Letouzé E, Blanc J-F, Laurent C, et al. Histological subtypes of hepatocellular carcinoma are related to gene mutations and molecular tumour classification. J. Hepatol 2017;67:727–738.

Schmidt B, Wei L, DePeralta DK, Hoshida Y, Tan PS, Sun X, Sventek JP, et al. Molecular subclasses of hepatocellular carcinoma predict sensitivity to fibroblast growth factor receptor inhibition. Int. J. Cancer 2016;138:1494–1505.

Qiu Z, Li H, Zhang Z, Zhu Z, He S, Wang X, Wang P, et al. A Pharmacogenomic Landscape in Human Liver Cancers. Cancer Cell 2019;36:179–193.e111.

Hirschfield H, Bian CB, Higashi T, Nakagawa S, Zeleke TZ, Nair VD, Fuchs BC, et al. In vitro modeling of hepatocellular carcinoma molecular subtypes for anti-cancer drug assessment. Exp Mol Med 2018;50:e419.

Dagogo-Jack I, Shaw AT. Tumour heterogeneity and resistance to cancer therapies. Nat. Rev. Clin. Oncol 2018;15:81–94.

Parikh AR, Leshchiner I, Elagina L, Goyal L, Levovitz C, Siravegna G, Livitz D, et al. Liquid versus tissue biopsy for detecting acquired resistance and tumor heterogeneity in gastrointestinal cancers. Nat. Med 2019;25:1415–1421.

De Lorenzo S, Tovoli F, Trevisani F. Mechanisms of Primary and Acquired Resistance to Immune Checkpoint Inhibitors in Patients with Hepatocellular Carcinoma. Cancers 2022;14.

Schoenfeld AJ, Hellmann MD. Acquired Resistance to Immune Checkpoint Inhibitors. Cancer Cell 2020;37:443–455.

Coto-Llerena M, Benjak A, Gallon J, Meier M-A, Boldanova T, Terracciano LM, Ng CKY, et al. Circulating Cell-Free DNA Captures the Intratumor Heterogeneity in Multinodular Hepatocellular Carcinoma. JCO Precis Oncol 2022;6:e2100335.

Ji JH, Ha SY, Lee D, Sankar K, Koltsova EK, Abou-Alfa GK, Yang JD. Predictive Biomarkers for Immune-Checkpoint Inhibitor Treatment Response in Patients with Hepatocellular Carcinoma. Int J Mol Sci 2023;24.

Donne R, Lujambio A. The liver cancer immune microenvironment: Therapeutic implications for hepatocellular carcinoma. Hepatology 2023;77:1773–1796.

Yang Y, Chen D, Zhao B, Ren L, Huang R, Feng B, Chen H. The predictive value of PD-L1 expression in patients with advanced hepatocellular carcinoma treated with PD-1/PD-L1 inhibitors: A systematic review and meta-analysis. Cancer Med 2023.

Zhang L, Feng J, Kuang T, Chai D, Qiu Z, Deng W, Dong K, et al. Blood biomarkers predict outcomes in patients with hepatocellular carcinoma treated with immune checkpoint Inhibitors: A pooled analysis of 44 retrospective sudies. Int Immunopharmacol 2023;118:110019.

Hatanaka T, Naganuma A, Hiraoka A, Tada T, Hirooka M, Kariyama K, Tani J, et al. The hepatocellular carcinoma modified Gustave Roussy Immune score (HCC-GRIm score) as a novel prognostic score for patients treated with atezolizumab and bevacizumab: A multicenter retrospective analysis. Cancer Med 2023;12:4259–4269.

Zhu AX, Dayyani F, Yen CJ, Ren Z, Bai Y, Meng Z, Pan H, et al. Alpha-Fetoprotein as a Potential Surrogate Biomarker for Atezolizumab + Bevacizumab Treatment of Hepatocellular Carcinoma. Clin Cancer Res 2022;28:3537–3545.

Chon YE, Cheon J, Kim H, Kang B, Ha Y, Kim DY, Hwang SG, et al. Predictive biomarkers of survival in patients with advanced hepatocellular carcinoma receiving atezolizumab plus bevacizumab treatment. Cancer Med 2023;12:2731–2738.

Zhu AX, Abbas AR, de Galarreta MR, Guan Y, Lu S, Koeppen H, Zhang W, et al. Molecular correlates of clinical response and resistance to atezolizumab in combination with bevacizumab in advanced hepatocellular carcinoma. Nat Med 2022;28:1599–1611.

Wabitsch S, McCallen JD, Kamenyeva O, Ruf B, McVey JC, Kabat J, Walz JS, et al. Metformin treatment rescues CD8(+) T-cell response to immune checkpoint inhibitor therapy in mice with NAFLD. J Hepatol 2022.

Pereira B, Chen CT, Goyal L, Walmsley C, Pinto CJ, Baiev I, Allen R, et al. Cell-free DNA captures tumor heterogeneity and driver alterations in rapid autopsies with pre-treated metastatic cancer. Nat. Commun 2021;12:3199.

Shen Y, Angelova E, Prats MM, Clement C, Schnadig V, Stevenson-Lerner H, He J. Reliability of combined fine needle aspiration and core needle biopsies in the diagnosis of liver lesions: An 8-year institutional experience. Cytopathology 2022;33:472–478.

Lew M, Hissong EM, Westerhoff MA, Lamps LW. Optimizing small liver biopsy specimens: a combined cytopathology and surgical pathology perspective. J Am Soc Cytopathol 2020;9:405–421.

Pallmann P, Bedding AW, Choodari-Oskooei B, Dimairo M, Flight L, Hampson LV, Holmes J, et al. Adaptive designs in clinical trials: why use them, and how to run and report them. BMC Med. 2018;16:29.

Subbiah V. The next generation of evidence-based medicine. Nat. Med 2023;29:49–58.

Dickson D, Johnson J, Bergan R, Owens R, Subbiah V, Kurzrock R. The Master Observational Trial: A New Class of Master Protocol to Advance Precision Medicine. Cell 2020;180:9–14.

Dancey JE, Dobbin KK, Groshen S, Jessup JM, Hruszkewycz AH, Koehler M, Parchment R, et al. Guidelines for the development and incorporation of biomarker studies in early clinical trials of novel agents. Clin. Cancer Res 2010;16:1745–1755.

Goossens N, Nakagawa S, Sun X, Hoshida Y. Cancer biomarker discovery and validation. Transl. Cancer Res 2015;4:256–269.

Office of the C. Search for FDA Guidance Documents.

Vogel A, Meyer T, Sapisochin G, Salem R, Saborowski A. Hepatocellular carcinoma. Lancet 2022;400:1345–1362.

Wang X, Wang Q. Alpha-Fetoprotein and Hepatocellular Carcinoma Immunity. Can J Gastroenterol Hepatol 2018;2018:9049252.

Charneau J, Suzuki T, Shimomura M, Fujinami N, Nakatsura T. Peptide-Based Vaccines for Hepatocellular Carcinoma: A Review of Recent Advances. J Hepatocell Carcinoma 2021;8:1035–1054.

Zheng X, Liu X, Lei Y, Wang G, Liu M. Glypican-3: A Novel and Promising Target for the Treatment of Hepatocellular Carcinoma. Front. Oncol 2022;12:824208.

Tremosini S, Forner A, Boix L, Vilana R, Bianchi L, Reig M, Rimola J, et al. Prospective validation of an immunohistochemical panel (glypican 3, heat shock protein 70 and glutamine synthetase) in liver biopsies for diagnosis of very early hepatocellular carcinoma. Gut 2012;61:1481–1487.

Yamashita T, Ji J, Budhu A, Forgues M, Yang W, Wang H-Y, Jia H, et al. EpCAM-positive hepatocellular carcinoma cells are tumor-initiating cells with stem/progenitor cell features. Gastroenterology 2009;136:1012–1024.

Abou-Alfa GK, Puig O, Daniele B, Kudo M, Merle P, Park J-W, Ross P, et al. Randomized phase II placebo controlled study of codrituzumab in previously treated patients with advanced hepatocellular carcinoma. J. Hepatol 2016;65:289–295.

Carrasquillo JA, O'Donoghue JA, Beylergil V, Ruan S, Pandit-Taskar N, Larson SM, Smith-Jones PM, et al. I-124 codrituzumab imaging and biodistribution in patients with hepatocellular carcinoma. EJNMMI Res. 2018;8:20.

Komatsu S-I, Kayukawa Y, Miyazaki Y, Kaneko A, Ikegami H, Ishiguro T, Nakamura M, et al. Determination of starting dose of the T cell-redirecting bispecific antibody ERY974 targeting glypican-3 in first-in-human clinical trial. Sci. Rep 2022;12:12312.

Sangro B, Melero I, Wadhawan S, Finn RS, Abou-Alfa GK, Cheng A-L, Yau T, et al. Association of inflammatory biomarkers with clinical outcomes in nivolumab-treated patients with advanced hepatocellular carcinoma. J. Hepatol 2020;73:1460–1469.

Yau T, Park J-W, Finn RS, Cheng A-L, Mathurin P, Edeline J, Kudo M, et al. Nivolumab versus sorafenib in advanced hepatocellular carcinoma (CheckMate 459): a randomised, multicentre, open-label, phase 3 trial. Lancet Oncol. 2022;23:77–90.

Finn RS, Ryoo B-Y, Merle P, Kudo M, Bouattour M, Lim HY, Breder V, et al. Pembrolizumab As Second-Line Therapy in Patients With Advanced Hepatocellular Carcinoma in KEYNOTE-240: A Randomized, Double-Blind, Phase III Trial. J. Clin. Oncol 2020;38:193–202.

Jørgensen JT. The current landscape of the FDA approved companion diagnostics. Transl. Oncol 2021;14:101063.

Vogel A, Rimassa L, Sun H-C, Abou-Alfa GK, El-Khoueiry A, Pinato DJ, Sanchez Alvarez J, et al. Comparative Efficacy of Atezolizumab plus Bevacizumab and Other Treatment Options for Patients with Unresectable Hepatocellular Carcinoma: A Network Meta-Analysis. Liver Cancer 2021;10:240–248.

Fong KY, Zhao JJ, Sultana R, Lee JJX, Lee SY, Chan SL, Yau T, et al. First-Line Systemic Therapies for Advanced Hepatocellular Carcinoma: A Systematic Review and Patient-Level Network Meta-Analysis. Liver Cancer 2023;12:7–18.

Ueno A, Masugi Y, Yamazaki K, Komuta M, Effendi K, Tanami Y, Tsujikawa H, et al. OATP1B3 expression is strongly associated with Wnt/beta-catenin signalling and represents the transporter of gadoxetic acid in hepatocellular carcinoma. J Hepatol 2014;61:1080–1087.

Kudo M. Gd-EOB-DTPA-MRI Could Predict WNT/beta-Catenin Mutation and Resistance to Immune Checkpoint Inhibitor Therapy in Hepatocellular Carcinoma. Liver Cancer 2020;9:479–490.","","","","","","PubMed","- **Relevance Score:** 0/100 - **Relevance Tag:** Not Relevant - **Reasoning:** Discusses HCC molecular/immune heterogeneity and biomarker‑guided trials, but provides no framework, metrics, or guidance for trial complexity, feasibility, or site selection.","Liver cancer, primarily HCC, exhibits highly heterogeneous histological and molecular aberrations across tumors and within individual tumor nodules. Such intertumor and intratumor heterogeneities may lead to diversity in the natural history of disease progression and various clinical disparities across the patients. Recently developed multimodality, single-cell, and spatial omics profiling technologies have enabled interrogation of the intertumor/intratumor heterogeneity in the cancer cells and the tumor immune microenvironment. These features may influence the natural history and efficacy of emerging therapies targeting novel molecular and immune pathways, some of which had been deemed undruggable. Thus, comprehensive characterization of the heterogeneities at various levels may facilitate the discovery of biomarkers that enable personalized and rational treatment decisions, and optimize treatment efficacy while minimizing the risk of adverse effects. Such companion biomarkers will also refine HCC treatment algorithms across disease stages for cost-effective patient management by optimizing the allocation of limited medical resources. Despite this promise, the complexity of the intertumor/intratumor heterogeneity and ever-expanding inventory of therapeutic agents and regimens have made clinical evaluation and translation of biomarkers increasingly challenging. To address this issue, novel clinical trial designs have been proposed and incorporated into recent studies. In this review, we discuss the latest findings in the molecular and immune landscape of HCC for their potential and utility as biomarkers, the framework of evaluation and clinical application of predictive/prognostic biomarkers, and ongoing biomarker-guided therapeutic clinical trials. These new developments may revolutionize patient care and substantially impact the still dismal HCC mortality.","","","",""
"Ambivalence: A Key to Clinical Trial Participation?","https://pubmed.ncbi.nlm.nih.gov/30148115","2018","Journal Article","Frontiers in oncology","Chilton
Rasmus
Lytton
Kaplan
Jones
Hurd","10.3389/fonc.2018.00300","https://www.ncbi.nlm.nih.gov/pmc/articles/PMC6095971/pdf","Yes","","","30148115","PMC6095971","Hillen MA, Onderwater AT, van Zweiten MC, deHaes CJH, Smets EMA. Disentangling cancer patients' trust in their oncologist: a qualitative study. Psychooncology (2012) 21:392–9. 10.1002/pon.1910

Hudson KL, Lauer MS, Collins FS. Toward a new era of trust and transparency in clinical trials. JAMA (2016) 316:1353–4. 10.1001/jama.2016.14668

Williams S.
Clinical trials recruitment and enrollment: attitudes, barriers and motivating factors (2004). Available online at: http://cro.rbhs.rutgers.edu/documents/clinical_trials_recruitment_and_enrollment.pdf

Dy SM, Purnell TS. Key concepts relevant to quality of complex and shared decision-making health care: a literature review. Soc Sci Med. (2012) 74:582–7. 10.1016/j.socscimed.2011.11.015

Pennar LA, Divudui JF, Hagiwara N, Foster T, Albrecht TL, Chapman RA, et al. An analysis of race-related attitudes and beliefs in black cancer patients: Implications for health care disparities. J Health Care Poor Underserved (2016) 27:1503–20. 10.1353/hpu.2016.0115

Mechanic D, Meyer S. Concepts of trust among patients with serious illness. Sco Sci Med. (2000) 51:657–68. 10.1016/S0277-9536(00)00014-9

Kowalski C, Nitzsche A, Scheibler, Steffen P, Albert US, Pfall H. Breast cancer patients' trust in physicians: the impact of patients' perception of physicians' communication behaviors and hospital organizational climate. Pat Ed Counsel. (2009) 77:344–8. 10.1016/j.pec.2009.09.003

Stacey D, Samant R, Bennett C. Decision making in oncology: a review of patient decision aids to support patient participation. CA J Clin. (2008) 58:293–04. 10.3322/CA.2008.0006

Maly RC, Stein JA, Umezawa Y, Leake B, Anglin MD. Racial/ethnic differences in breast cancer outcomes among older patients: Effects of physician communication and patient empowerment. Health Psychol. (2008) 27:728–36 10.1037/0278-6133.27.6.728

Lewicki RJA, McAllister DJ, Bies RJ. Trust and distrust: new relationships and realities. Acad Manage Rev. (1998) 23:438–58. 10.5465/amr.1998.926620

Lewicki RJ, Tomlinson EC, Gillespie N. Models of interpersonal trust development: theoretical approaches, empirical evidence and future directions. J Manage. (2006) 32:991. 10.1177/0149206306294405

Saunders M, Dietz G, Thornhill A. Trust and distrust: Polar opposites or independent but co-existing? Hum Relat. (2014) 67:639–65. 10.1177/0018726713500831

Guo SI, Luminau F, Lewicki RJ. Revisiting the foundations of organizational distrust. Found Trends Manage. (2017) 1:1–88. 10.1561/3400000001

Reich T, Wheeler SC. The good and bad of ambivalence: desiring ambivalence under outcome uncertainty. J Pers And Soc Psych. (2016) 110:493–508. 10.1037/pspa0000047

Hurd TC, Kaplan CD, Cook ED, Lytton JS, Hawk ET, Jones LA. Building trust and diversity in patient-centered oncology clinical trials: An integrated model. Clin. Trials (2017) 14:170–9. 10.1177/1740774516688860

Skirbekk H. Negotiated or taken-for-granted trust? Explicit and implicit interpretations of trust in a medical setting. Med. Health Care Philos. (2009) 12:3–7. 10.1007/s11019-008-9142-2

Elwyn G1, Dehlendorf C, Epstein RM, Marrin K, White J, Frosch DL. Shared decision making and motivational interviewing: achieving patient-centered care across the spectrum of health care problems. Ann Fam Med. (2014) 12:270–5. 10.1370/afm.1615

Thompson MM, Zanna MP, Griffin DW. Let's not be indifferent about attitudinal ambivalence. In: Petty RE, Krosnick JA. editors. Attitude Strength: Antecedents and Consequences. Rahway, NJ: Lawrence Erlbaum Associates; (1995). p. 361–386.

Refling EJ, Calnan CM, Fabrigar LR, MacDonald TK, Johnson VC, Smith SM. To partition or not to partition evaluative judgments: Comparing measures of structural ambivalence. Soc Psych Pers Sci. (2012) 4:387–94. 10.1177/1948550612460060

Schneider IK, Schwartz N. Mixed feeling: the case of ambivalence. Curr Opin Behav Sci. (2017) 15:39–45. 10.1016/j.cobeha.2017.05.012

Krosnick JA, Petty RE. Attitude strength: An overview. In: Petty RE, Krosnich JA. editors. Attitude Strength: Antecedent and Consequences. Mahwah, NJ: Erlbaum Associates; (1995). p. 1–24.

Nordgren L, van Harreveld F, van der Pligt J. Ambivalence, discomfort and motivated information processing. J Exp Soc Psych. (2005) 42:252–8. 10.1016/j.jesp.2005.04.004

Priester J, Petty R. The gradual threshold model of ambivalence: relating the positive and negative bases of attitudes to subjective ambivalence. J Personal Soc Psychol. (1996) 71:431–49. 10.1037/0022-3514.71.3.431

Rothman NB, Pratt MG, Rees L, Vogus TJ. Understanding the dual nature of ambivalence: why and when ambivalence leads to good and bad outcomes. Acad Manage Annals. (2017) 66:1–98. 10.5465/annals.2014.0066

Jonas K, Diehl M, Bromer P. Effects of attitudinal ambivalence on information processing and attitude-intention consistency. J Exp Soc Psych. (1997) 33:190–210. 10.1006/jesp.1996.1317

Jeuvinck N, Guens M, Vermeir I. “The good, the bad and the certain” When ambivalent attitudes affect intention differently. Adv Cons Res. (2011) 39:425–6.

Rees L, Rothman N, Lehavy R. The ambivalent mind can be a wise mind: emotional ambivalence increases judgment accuracy. J Exp Soc Psych. (2013) 49:360–7. 10.1016/j.jesp.2012.12.017

Mejia ST, Hooker K. Mixed emotions within the context of goal pursuit. Beh Sci. (2017) 15:46–60. 10.1016/j.cobeha.2017.05.015

Luttrell A, Petty RE, Brinol P. Ambivalence and certainty can interact to predict attitude stability over time. J Exp Soc Psych. (2016) 63:56–68. 10.1016/j.jesp.2015.11.008

Van Harreveld F, Van Der Pligt J. The agony of ambivalence and ways to resolve it: introducing the maid model. Personal Soc Psych Rev. (2009) 13:45. 10.1177/1088868308324518

Eagly AH, Chaiken S. The Psychology of Attitudes. Orlando, FL: Harcourt Brace Jovanovich College Publishers; (1993).

Sawicki V, Wegener DT, Clark JK, Fabrigar LR, Smith SM, Durso RO. Feeling conflicted and seeking information: when ambivalence enhances and diminishes selective exposure to attitude-consistent information. Personal Soc Psychol Bull. (2013) 39:735–47. 10.1177/0146167213481388

Van Harreveld F, Rutjens B. In doubt and disorderly: ambivalence promotes compensatory perceptions of order. J Exp Psych. (2014) 14:1666–76. 10.1037/a0036099

Ashforth BE, Roger KM, Pratt MG, Michael “Ambivalence in organizations.” A multilevel approach. Organ Sci. (2014) 25:1453 10.1287/orsc.2014.0909

Folkman S, Lazarus RS. An analysis of coping in a middle aged community sample. J Health Soc Behav. (1980) 21:219–39. 10.2307/2136617

Lazarus RS. Coping theory and research: past, present and future. Psychosomatic Med. (1993) 55:234. 10.1097/00006842-199305000-00002

Fiol MC, Pratt MG, O'Connor EJ. Managing intractable identity conflicts. Acad. Manage Rev. (2009) 34:32–55. 10.5465/amr.2009.35713276

Kelly, Rebecca, Mansel, Warren, Wood Alex M. Goal conflict and ambivalence interact to predict depression. Personal Individ Diff. (2011) 50:531–4. 10.1016/j.paid.2010.11.018

Ashforth B, Rogers K, Pratt M. Ambivalence in Organizations. In: Annual meeting of the Academy of Management, Montreal: (2010).

Brooks M, Highhouse S. Familiarity breeds ambivalence. Corporate Reputation Rev. (2006) 9:105–113. 10.1057/palgrave.crr.1550016

Armstrong K, Rose A, Peters N, Long JA, McMurphy S, Shea JA. Distrust of the health care system and self-reported health in the United States. J Gen Intern Med. (2006) 21:292–7. 10.1111/j.1525-1497.2006.00396.x

Haynes-Maslow L, Godley P, Dimartino L, White B, Odom J, Richmond A, et al. African American women's perception of cancer clinical Trials. Cancer Med. (2014) 3:1430–9. 10.1002/cam4.284

Armstrong K, Putt M, Halbert C, Grande D, Schwartz J, Liao K, et al. Prior experiences of racial discrimination and racial differences in health care system distrust. Med Care (2013) 51:144–50. 10.1097/MLR.0b013e31827310a1

Byrne MB, Tannenbaum SL, Gluck S, Hurley J, Antoni M. Participation in cancer clinical trials: why are patients not participating? Med Dec Mak. (2014) 34:116–26. 10.1177/0272989X13497264

King WD. Examining African Americans' mistrust of the health-care system: expanding the research question. Public Health Rep. (2003) 118:366–7. 10.1016/S0033-3549(04)50263-7

Robbins BG. From the general to the specific: How social trust motivates relational trust. Soc Sci Res. (2016) 55:16–30. 10.1016/j.ssresearch.2015.09.004

Shavers VL, Lynch CF, Burmeister LF. Racial differences in factors that influence the willingness to participate in medical research studies. Ann Epidemiol. (2002) 12:248–56. 10.1016/S1047-2797(01)00265-4

Nelson A. Unequal treatment: confronting racial and ethnic disparities in health care. J Natl Med Assoc. (2002) 94:666–8.

The Henry J. Kaiser Family Foundation. Health Care and the 2008 Elections. Eliminating Racial/Ethnic Disparities in Health Care: What are the Options? The Henry J. Kaiser Family Foundation; (2008).

Kircher SM, Benson AB, Farber M, Nimeiri HS. Effect of the accountable care act of 2010 on clinical trial insurance coverage. J Clin Oncol. (2012) 30:548–53. 10.1200/JCO.2011.37.8190

Funk C. Real numbers: mixed messages about public trust in science. Issues Sci Tech. (2017) 34.

McConnell WR. Cultural guides, cultural critics: distrust of doctors and social support during mental health treatment. J Health Soc Behav. (2017) 58:503–19. 10.1177/0022146517736291

Gamble VN. Under the shadow of Tuskegee: african Americans and health care. Am J Public Health (1997) 87:1773–8. 10.2105/AJPH.87.11.1773

Miller WR, Rose GS. Motivational interviewing and decisional balance: contrasting responses to client ambivalence. Behav Cogn Psychother. (2015) 43:129–41. 10.1017/S1352465813000878

Larsen JT, Coles NA, Jordon DK. Varieties of mixed emotional experience. Curr Opin Beh Sci. (2017) 15:72–6. 10.1016/j.cobeha.2017.05.021

Simmons L, Wolever R. Integrative health coaching and motivational interviewing: synergistic approaches to behavior change in healthcare. Global Adv Health Med. (2013) 2:28–35. 10.7453/gahmj.2013.037

Mckenzie K., Pierce D, Gunn JM. A systematic review of motivational interviewing in healthcare: the potential of motivational interviewing to address the lifestyle factors relevant to multimorbidity. J Comorbid. (2015) 5:162–74. 10.15256/joc.2015.5.55

Spencer JC, Wheeler SB. A systematic review of Motivational Interviewing interventions in cancer patients and survivors. Patient Educ Couns. (2016) 99:1099–105. 10.1016/j.pec.2016.02.003

Lundahl B, Moleni T, Burke BL, Butters R, Tollefson D, Butler C, et al. Motivational interviewing in medical care settings: a systematic review and meta-analysis of randomized controlled trials. Patient Educ Couns. (2013) 93:157–68. 10.1016/j.pec.2013.07.012

Thomas M, Elliott J, Rao S, Fahey K, Paul S, Miaskowski C. A randomized, clinical trial of education or motivational-interviewing-based coaching compared to usual care to improve cancer pain management. Oncol Nursing Forum (2012) 39:39–49. 10.1188/12.ONF.39-49

Braun A, Portner J, Grainger EM, Hill EB, Young GS, Clinton SK, et al. Tele-motivational interviewing for cancer survivors: feasibility, preliminary efficacy, and lessons learned. J Nutr Educ Behav. (2017) 50:19–32.e1. 10.1016/j.jneb.2017.05.352

Allicock M, Carr C, Johnson L, Smith R, Lawrence M, Kaye L, et al. Implementing a one-on-one peer support program for cancer survivors using a motivational interviewing approach: results and lessons learned. J Cancer Educ. (2014) 29:91–8. 10.1007/s13187-013-0552-3

Miller SJ, Foran-Tuller K, Ledergerber J, Jandorf L. Motivational interviewing to improve health screening uptake: a systematic review. Patient Educ Counsel. (2017) 100:190. 10.1016/j.pec.2016.08.027

Lindqvist H, Forsberg LG, Forsberg L, Rosendahl I, Enebrink P, Helgason AR. Motivational interviewing in an ordinary clinical setting: a controlled clinical trial at the Swedish National Tobacco Quitline. Addict Behav. (2013) 38:2321–4. 10.1016/j.addbeh.2013.03.002

Moral RR, Torres LA, Ortega LP, Larumbe MC, Villalobos AR, García JA, et al. Effectiveness of motivational interviewing to improve therapeutic adherence in patients over 65 years old with chronic diseases: a cluster randomized clinical trial in primary care. Patient Educ Counsel. (2015) 98:977–83. 10.1016/j.pec.2015.03.008

Brobeck E, Odencrants S, Bergh H, Hildingh C. Patients' experiences of lifestyle discussions based on motivational interviewing: a qualitative study. BMC Nurs. (2014) 13:13. 10.1186/1472-6955-13-13","No grants available","","","","","PubMed","- **Relevance Score:** 0/100 - **Relevance Tag:** Not Relevant - **Reasoning:** Examines ambivalence, trust, and motivational interviewing in minority oncology trial participants; does not propose or discuss trial complexity frameworks, metrics, or site‑selection decisions.","Trust exerts a multidimensional influence at the interpersonal level in the clinical trials setting. Trust and distrust are dynamic states that are impacted, either positively or negatively, with each participant-clinical trials team interaction. Currently, accepted models of trust posit that trust and distrust coexist and their effects on engagement and retention in clinical trials are mediated by ambivalence. While understanding of trust has been informed by a robust body of work, the role of distrust and ambivalence in the trust building process are less well understood. Furthermore, the role of ambivalence and its relationship to trust and distrust in the clinical trials and oncology settings are not known. Ambivalence is a normal and uncomfortable state in the complex decision making process that characterizes the recruitment and active treatment phases of the clinical trials experience. The current review was conducted to understand the constructs of ambivalence as a mediator of trust and distrust among vulnerable, minority participants through different stages of the oncology clinical trials continuum, its triggers and the contextual factors that might influence it in the setting of minority participation in oncology clinical trials. In addition, the researchers have sought to link theory to clinical intervention by investigating the feasibility and role of Motivational Interviewing in different stages of the clinical trials continuum. Findings suggest that ambivalence can be processed and managed to enable a participant to generate a response to their ambivalence. Thus, recognizing and managing triggers of ambivalence, which include, contradictory goals, role conflicts, membership dualities, and supporting participants through the process of reducing ambivalence is critical to successfully managing trust. Contextual factors related to the totality of one's previous health-care experience, specifically among the marginalized or vulnerable, can contribute to interpersonal ambivalence. In addition, changes in information gathering as a moderator of interpersonal ambivalence may have enormous implications for gathering, assessing, and accepting health information. Finally, motivational Interviewing has widespread applications in healthcare settings, which includes enabling participants to navigate ambivalence in shared-decision making with their clinician, as well as executing changes in participant behavior. Ultimately, the Integrated Model of Trust can incorporate the role of therapeutic techniques like Motivational Interviewing in different stages of the clinical trials continuum. Ambivalence is a key component of clinical trial participation; like trust, ambivalence can be managed and plays a major role in the management of trust in interpersonal relationships over time. The management of ambivalence may play a major role in increasing clinical trial participation particularly among the marginalized or the vulnerable, who may be more susceptible to feelings of ambivalence.","","","",""
"Experiences of Pain in Hospitalized Children During Hematopoietic Stem Cell Transplantation Therapy","https://www.mendeley.com/reference-manager/library/all-references/ef3a01d2-bf18-3541-8a0c-e2f696a89dcb","2021","Journal Article","Qualitative Health Research","Karin Plummer
Maria McCarthy
Ian McKenzie
Fiona Newall
Elizabeth Manias","10.1177/10497323211034161","https://www.mendeley.com/reference-manager/library/all-references/ef3a01d2-bf18-3541-8a0c-e2f696a89dcb","No","","","","","","","","","","","Mendeley","- **Relevance Score:** 0/100 - **Relevance Tag:** Not Relevant - **Reasoning:** The study explores pediatric pain during HSCT via qualitative interviews; it does not address trial complexity, feasibility analysis, or site‑selection frameworks.","Children undergoing hematopoietic stem cell transplantation (HSCT) are vulnerable to pain due to the intensity and toxicity of this treatment. An instrumental case study design of two qualitative phases was conducted to examine the pain experiences of hospitalized children during HSCT therapy and how contextual factors related to the pediatric HSCT environment influenced their experience of pain. The Social Communication Model of Pain provided the conceptual framework for the study. In Phase 1, semi-structured interviews were conducted with parents of a child undergoing HSCT therapy at two time points. Phase 2 was conducted as a naturalistic observational study of the clinical care provided to children and semi-structured interviews with health-care providers. Children experienced complex and multifaceted pain with physical, psychological, and contextual contributors. Understanding the many factors contributing to the child’s pain experience can inform strategies to improve the management of pain during HSCT therapy.","","","",""
"Home‐based video assessment of ease of movement for patients with Duchenne: Interviews with physical therapists to select movement tasks","https://www.zotero.org/JHodges38104/items/F8H3DLT4/library","2023","Journal Article","Physiotherapy Research International","Marielle G. Contesse
Jason Hodges
Hannah Staunton
Linda P. Lowes
Bassem Elmankabadi
Sonya J. Elder
Maitea Guridi Ormazabal
Laura Dalle Pazze
Mindy G. Leffler","10.1002/pri.1993","","No","","","","","","","","","","","Zotero","- **Relevance Score:** 0/100 - **Relevance Tag:** Not Relevant - **Reasoning:** Paper develops a home‑based video tool for Duchenne patients; it does not address trial complexity, feasibility analysis, or site‑selection frameworks.","BACKGROUND AND PURPOSE Patients with Duchenne muscular dystrophy (DMD) change their movement patterns to compensate for muscle weakness. The Duchenne Video Assessment (DVA) measures ease of movement through evaluation of compensatory movements. The DVA directs caregivers to video record patients performing home-based movement tasks using a mobile application, and DVA-certified physical therapists evaluate the videos using scorecards with prespecified compensatory movement criteria. Two qualitative interview studies were conducted to select movement tasks for the DVA that are relevant to patients with DMD and able to reflect changes in function. METHODS Qualitative interviews with eligible physical therapists were conducted remotely. Physical therapists were asked to spontaneously suggest movement tasks prior to evaluating specific movement tasks selected a priori. Analysts conducted a content analysis to investigate whether movement tasks selected a priori were confirmed as relevant to the population of interest and able to show changes in function. RESULTS The studies included five physical therapists to select tasks for ambulatory patients with DMD and six for non-ambulatory patients. For an ambulatory population, all five experts confirmed Climb Five Stairs, Run, Stand Up from Sitting, Sit Up from Supine, and Jump Forward, and four (80%) confirmed Walk as relevant and able to show functional changes. For a non-ambulatory population, all six experts confirmed Eat 10 Bites, Roll Over in Bed, Shift Weight in Bed, Take T-Shirt Off, Put T-Shirt On, Put Arms on Armrest, and Reach Across Table to Grab Cell Phone, and five (83%) confirmed Raise Hands Above Head as relevant and able to show functional changes. DISCUSSION Physical therapists confirmed the DVA movement tasks as relevant to patients with DMD and able to reflect changes in function. The use of the DVA in clinical trials provides an opportunity to collect data not seen in clinic and reduce travel burden for families.","","","",""
"Predictive factors of early death after a comprehensive geriatric assessment in elderly cancer patients.","https://www.zotero.org/JHodges38104/items/EXLEPLHM/library","2015","Journal Article","Journal of Clinical Oncology","B. Jimenez-Munarriz
R. Madero
A. M. J. Gordo
M. J. Molina-Garrido
J. Saldana
R. Girones
J. De Castro
V. Martinez-Marin
P. Cruz
M. M. Sanchez
M. A. Rebollo
B. Castelo
M. Torres
A. Redondo
B. Martinez
A. B. Custodio
I. G. Canete
E. Bernal
J. Feliu","","","No","","","","","","","","","","","Zotero","- **Relevance Score:** 0/100 - **Relevance Tag:** Not Relevant - **Reasoning:** Studies early death predictors in elderly cancer patients; no discussion of trial complexity, feasibility analysis, or site‑selection frameworks.","","","","",""
"Everything you Always Wanted to Know about Playing a FPS Game on a Car","https://www.mendeley.com/reference-manager/library/all-references/06576365-5c53-33ce-b1a1-b8996f08333e","2014","Journal Article","2014 Ieee International Black Sea Conference on Communications and Networking (Blackseacom)","J Saldana
G Marfia
M Roccetti","10.1109/BLACKSEACOM.2014.6849026","","No","","","","","","","","","","","Mendeley","- **Relevance Score:** 0/100 - **Relevance Tag:** Not Relevant - **Reasoning:** Paper studies gaming connectivity in moving cars; no relation to clinical trial complexity, frameworks, or site‑selection decision making.","This paper studies the feasibility of playing a First Person Shooter interactive online game while traveling as a passenger on a car in an urban scenario where wireless connectivity is available through WiFi Access Points (APs). Knowing in advance the positions of APs, we propose a mechanism that is capable of predicting future connectivity times while moving, so that a player may choose (or not) to begin a game round. With such estimation of connectivity time, a player can obtain a feeling regarding which parts of a game s/he could (not) accomplish and hence be put in the position of deciding for the best. We validated our approach through simulations utilizing a large set of real vehicular movement traces collected in Pisa, Italy.","","","",""
"Prevention of conversion to abnormal transcranial Doppler with hydroxyurea in sickle cell anemia: A Phase III international randomized clinical trial","https://www.zotero.org/JHodges38104/items/WPFZB9GZ/library","2015","Journal Article","American Journal of Hematology","J. S. Hankins
M. B. McCarville
A. Rankine-Mullings
M. E. Reid
C. L. Lobo
P. G. Moura
S. Ali
D. P. Soares
K. Aldred
D. W. Jay
B. Aygun
J. Bennett
G. Kang
J. C. Goldsmith
M. P. Smeltzer
J. M. Boyett
R. E. Ware","10.1002/ajh.24198","https://scispace.com/pdf/prevention-of-conversion-to-abnormal-transcranial-doppler-4omr43kwy7.pdf","No","","","","","","","","","","","Zotero","- **Relevance Score:** 0/100 - **Relevance Tag:** Not Relevant - **Reasoning:** The study reports a Phase III trial of hydroxyurea for sickle cell anemia, focusing on TCD outcomes, without proposing or discussing any trial complexity framework, metrics, or site‑selection decision tools.","Children with sickle cell anemia (SCA) and conditional transcranial Doppler (TCD) ultrasound velocities (170-199 cm/sec) may develop stroke. However, with limited available clinical data, the current standard of care for conditional TCD velocities is observation. The efficacy of hydroxyurea in preventing conversion from conditional to abnormal TCD (≥200 cm/sec), which confers a higher stroke risk, has not been studied prospectively in a randomized trial. Sparing Conversion to Abnormal TCD Elevation (SCATE #NCT01531387) was a National Heart, Lung, and Blood Institute-funded Phase III multicenter international clinical trial comparing alternative therapy (hydroxyurea) to standard care (observation) to prevent conversion from conditional to abnormal TCD velocity in children with SCA. SCATE enrolled 38 children from the United States, Jamaica, and Brazil [HbSS (36), HbSβ(0) -thalassemia (1), and HbSD (1), median age = 5.4 years (range, 2.7-9.8)]. Because of the slow patient accrual and administrative delays, SCATE was terminated early. In an intention-to-treat analysis, the cumulative incidence of abnormal conversion was 9% (95% CI = 0-35%) in the hydroxyurea arm and 47% (95% CI = 6-81%) in observation arm at 15 months (P = 0.16). In post hoc analysis according to treatment received, significantly fewer children on hydroxyurea converted to abnormal TCD velocities when compared with observation (0% vs. 50%, P = 0.02). After a mean of 10.1 months, a significant change in mean TCD velocity was observed with hydroxyurea treatment (-15.5 vs. +10.2 cm/sec, P = 0.02). No stroke events occurred in either arm. Hydroxyurea reduces TCD velocities in children with SCA and conditional velocities.","","","",""
"Barriers to hydroxyurea use from the perspectives of providers, individuals with sickle cell disease, and families: Report from a U.S. regional collaborative","https://www.mendeley.com/reference-manager/library/all-references/a8fc8575-71f1-3ca8-84b0-a1d2e0ee36c3","2022","Journal Article","Frontiers in Genetics","Marsha J. Treadwell
Lisa Du
Neha Bhasin
Anne M. Marsh
Theodore Wun
M. A. Bender
Trisha E. Wong
Nicole Crook
Jong H. Chung
Shannon Norman
Nicolas Camilo
Judith Cavazos
Diane Nugent","10.3389/fgene.2022.921432","","No","23","","","","","","","","","","Mendeley","- **Relevance Score:** 0/100 - **Relevance Tag:** Not Relevant - **Reasoning:** Examines hydroxyurea barriers in sickle cell disease; no discussion of trial complexity frameworks, metrics, or site‑selection feasibility.","Sickle cell disease (SCD) is an inherited blood disorder that affects about 100,000 people in the U.S., primarily Blacks/African-Americans. A multitude of complications negatively impacts quality of life. Hydroxyurea has been FDA approved since 1998 as a disease-modifying therapy for SCD, but is underutilized. Negative and uninformed perceptions of hydroxyurea and barriers to its use hinder adherence and promotion of the medication. As the largest real-world study to date that assessed hydroxyurea use for children and adults with SCD, we gathered and analyzed perspectives of providers, individuals with SCD, and families. Participants provided information about socio-demographics, hospital and emergency admissions for pain, number of severe pain episodes interfering with daily activities, medication adherence, and barriers to hydroxyurea. Providers reported on indications for hydroxyurea, reasons not prescribed, and current laboratory values. We found that hydroxyurea use was reported in over half of eligible patients from this large geographic region in the U.S., representing a range of sickle cell specialty clinical settings and practices. Provider and patient/caregiver reports about hydroxyurea use were consistent with one another; adults 26 years and older were least likely to be on hydroxyurea; and the likelihood of being on hydroxyurea decreased with one or more barriers. Using the intentional and unintentional medication nonadherence framework, we found that, even for patients on hydroxyurea, challenges to taking the medicine at the right time and forgetting were crucial unintentional barriers to adherence. Intentional barriers such as worry about side effects and “tried and it did not work” were important barriers for young adults and adults. For providers, diagnoses other than HgbSS or HgbS-β0 thalassemia were associated with lower odds of prescribing, consistent with evidence-based guidelines. Our results support strengthening provider understanding and confidence in implementing existing SCD guidelines, and the importance of shared decision making. Our findings can assist providers in understanding choices and decisions of families; guide individualized clinical discussions regarding hydroxyurea therapy; and help with developing tailored interventions to address barriers. Addressing barriers to hydroxyurea use can inform strategies to minimize similar barriers in the use of emerging and combination therapies for SCD.","","","",""
"Serum vitamin D levels and severe asthma exacerbations in the Childhood Asthma Management Program study","https://www.mendeley.com/reference-manager/library/all-references/f2d9e140-64b7-3831-a514-af580c2273d4","2010","Journal Article","The Journal of Allergy and Clinical Immunology","J M Brehm
B Schuemann
A L Fuhlbrigge
B W Hollis
R C Strunk
R S Zeiger
S T Weiss
A A Litonjua","10.1016/j.jaci.2010.03.043","https://scispace.com/pdf/serum-vitamin-d-levels-and-severe-asthma-exacerbations-in-42eszg2ib9.pdf","No","","","","","","","","","","","Mendeley","- **Relevance Score:** 0/100 - **Relevance Tag:** Not Relevant - **Reasoning:** Studies vitamin D levels and asthma outcomes; does not propose or discuss trial complexity frameworks, metrics, or feasibility/site‑selection decision tools.","BACKGROUND: Asthma exacerbations, most often caused by respiratory tract infections, are the leading causes of asthma morbidity and comprise a significant proportion of asthma-related costs. Vitamin D status might play a role in preventing asthma exacerbations. OBJECTIVES: We sought to assess the relationship between serum vitamin D levels and subsequent severe asthma exacerbations. METHODS: We measured 25-hydroxyvitamin D levels in sera collected from 1024 children with mild-to-moderate persistent asthma at the time of enrollment in a multicenter clinical trial of children randomized to receive budesonide, nedocromil, or placebo (as-needed beta-agonists): the Childhood Asthma Management Program. Using multivariable modeling, we examined the relationship between baseline vitamin D levels and the odds of any hospitalization or emergency department visit over the 4 years of the trial. RESULTS: Thirty-five percent of all subjects were vitamin D insufficient, as defined by a level of 30 ng/mL or less 25-hydroxyvitamin D. Mean vitamin D levels were lowest in African American subjects and highest in white subjects. After adjusting for age, sex, body mass index, income, and treatment group, insufficient vitamin D status was associated with a higher odds of any hospitalization or emergency department visit (odds ratio, 1.5; 95% CI, 1.1-1.9; P = .01). CONCLUSION: Vitamin D insufficiency is common in this population of North American children with mild-to-moderate persistent asthma and is associated with higher odds of severe exacerbation over a 4-year period.","","","",""